chapter,passage,rawCitation,editedCitation,reference,rawSutta,sutta
1,1,MV 1.6,MV 1.6,,MV 1.6,Mv 1.6
1,2,"Nyanatiloka Bhikkhu, ‘Buddhist Dictionary,’ p 105","Nyanatiloka Bhikkhu, ‘Buddhist Dictionary,’ p 105","Nyanatiloka Bhikkhu, ‘Buddhist Dictionary,’ p. 105",,
1,3,"Ṭhānissaro Bhikkhu, ‘The Mind Like Fire Unbound,’ p 2","Ṭhānissaro Bhikkhu, ‘The Mind Like Fire Unbound,’ p 2","Ṭhānissaro Bhikkhu, ‘The Mind Like Fire Unbound,’ p. 2",,
1,4,M 26.13,M 26.13,,M 26.13,MN 26.13
1,5,S 38.1,S 38.1,,S 38.1,SN 38.1
1,6,A 10.60,A 10.60,,A 10.60,AN 10.60
1,7,Ud 3.10,Ud 3.10,,Ud 3.10,Ud 3.10
1,8,A 3.55,A 3.55,,A 3.55,AN 3.55
1,9,A 6.55,A 6.55,,A 6.55,AN 6.55
1,10,S 43.1-44,S 43.1-44,,S 43.1-44,SN 43.1-44
1,11,"MV 1.5, S 6.1, M 26.19","MV 1.5, S 6.1, M 26.19",,"MV 1.5, S 6.1, M 26.19","Mv 1.5, SN 6.1, MN 26.19"
1,12,Miln 315-323,Miln 315-323,,Miln 315-323,Mil 315-323
1,13,"Bhikkhu Bodhi, ‘Introduction to the Majjhima Nikāya,’ pp 31-2","Bhikkhu Bodhi, ‘Introduction to the Majjhima Nikāya,’ pp 31-2","Bhikkhu Bodhi, ‘Introduction to the Majjhima Nikāya,’ pp. 31-2",,
1,14,M 75.19-21,M 75.19-21,,M 75.19-21,MN 75.19-21
2,1,"Richard Gombrich, ‘Metaphor, Allegory, Satire,’ in ‘How Buddhism Began: The Conditioned Genesis of the Early Teachings,’ p 65","Richard Gombrich, ‘Metaphor, Allegory, Satire,’ in ‘How Buddhism Began: The Conditioned Genesis of the Early Teachings,’ p 65","Richard Gombrich, ‘Metaphor, Allegory, Satire,’ in ‘How Buddhism Began: The Conditioned Genesis of the Early Teachings,’ p. 65",,
2,2,"Ṭhānissaro Bhikkhu, ‘The Wings to Awakening,’ p 6","Ṭhānissaro Bhikkhu, ‘The Wings to Awakening,’ p 6","Ṭhānissaro Bhikkhu, ‘The Wings to Awakening,’ p. 6",,
2,3,"Ṭhānissaro Bhikkhu, ‘The Mind Like Fire Unbound,’ p 41","Ṭhānissaro Bhikkhu, ‘The Mind Like Fire Unbound,’ p 41","Ṭhānissaro Bhikkhu, ‘The Mind Like Fire Unbound,’ p. 41",,
2,4,"Richard Gombrich, ‘Metaphor, Allegory, Satire,’ pp 65-8","Richard Gombrich, ‘Metaphor, Allegory, Satire,’ pp 65-8","Richard Gombrich, ‘Metaphor, Allegory, Satire,’ pp. 65-8",,
2,5,"Roberto Calasso, ‘Ka,’ pp 369-70","Roberto Calasso, ‘Ka,’ pp 369-70","Roberto Calasso, ‘Ka,’ pp. 369-70",,
2,6,"ibid, p 435",,,,
2,7,"Gita Mehta, ‘A River Sutra,’ p 290","Gita Mehta, ‘A River Sutra,’ p 290","Gita Mehta, ‘A River Sutra,’ p. 290",,
2,8,"ibid, p 8",,,,
2,9,"S 35.28, MV 1.21","S 35.28, MV 1.21",,"S 35.28, MV 1.21","SN 35.28, Mv 1.21"
2,10,Iti 93,Iti 93,,Iti 93,Iti 93
2,11,S 44.9,S 44.9,,S 44.9,SN 44.9
2,12,Thig 504-6,Thig 504-6,,Thig 504-6,Thig 504-6
2,13,S 14.12,S 14.12,,S 14.12,SN 14.12
2,14,Thag 1223-4,Thag 1223-4,,Thag 1223-4,Thag 1223-4
2,15,Thig 512,Thig 512,,Thig 512,Thig 512
2,16,SN 1086-7,SN 1086-7,,SN 1086-7,Snp 1086-7
2,17,Thig 112-16,Thig 112-16,,Thig 112-16,Thig 112-16
2,18,S 6.15,S 6.15,,S 6.15,SN 6.15
3,1,"Buddhadāsa Bhikkhu, unpublished Dhamma talk, 1988","Buddhadāsa Bhikkhu, unpublished Dhamma talk, 1988","Buddhadāsa Bhikkhu, unpublished Dhamma talk, 1988",,
3,2,"A 10.92; Ṭhānissaro Bhikkhu, ‘The Wings to Awakening,’ pp 10-12","A 10.92; Ṭhānissaro Bhikkhu, ‘The Wings to Awakening,’ pp 10-12","A 10.92; Ṭhānissaro Bhikkhu, ‘The Wings to Awakening,’ pp. 10-12",,
3,3,S 12.20,S 12.20,,S 12.20,SN 12.20
3,4,"S 12.41, A 10.92 (partly quoted above)","S 12.41, A 10.92 (partly quoted above)","S 12.41, A 10.92 (partly quoted above)",,
3,5,M 43.11,M 43.11,,M 43.11,MN 43.11
3,6,Ud 1.10,Ud 1.10,,Ud 1.10,Ud 1.10
3,7,Iti 94,Iti 94,,Iti 94,Iti 94
3,8,"Master Hsüan Hua, ‘Sixth Patriarch’s Dharma Jewel Platform Sūtra, with Commentary,’ p 149","Master Hsüan Hua, ‘Sixth Patriarch’s Dharma Jewel Platform Sūtra, with Commentary,’ p 149","Master Hsüan Hua, ‘Sixth Patriarch’s Dharma Jewel Platform Sūtra, with Commentary,’ p. 149",,
3,9,"Śhūrangama Sūtra, 1.169","Śhūrangama Sūtra, 1.169","Śhūrangama Sūtra, 1.169",,
4,1,Ud 3.10,Ud 3.10,,Ud 3.10,Ud 3.10
4,2,"Ven. P.A. Payutto, ‘Dependent Origination,’ pp 14-5","Ven. P.A. Payutto, ‘Dependent Origination,’ pp 14-5","Ven. P.A. Payutto, ‘Dependent Origination,’ pp. 14-5",,
4,3,"H.H. the Dalai Lama, ‘The Four Noble Truths,’ pp 53-57","H.H. the Dalai Lama, ‘The Four Noble Truths,’ pp 53-57","H.H. the Dalai Lama, ‘The Four Noble Truths,’ pp. 53-57",,
4,4,"M 52.4-14, A 11.17","M 52.4-14, A 11.17",,"M 52.4-14, A 11.17","MN 52.4-14, AN 11.17"
4,5,S 22.81,S 22.81,,S 22.81,SN 22.81
4,6,M 140.20-22,M 140.20-22,,M 140.20-22,MN 140.20-22
4,7,M 102.4-25,M 102.4-25,,M 102.4-25,MN 102.4-25
4,8,A 10.93,A 10.93,,A 10.93,AN 10.93
4,9,"Ajahn Chah, ‘Toward the Unconditioned,’ in ‘Food for the Heart,’ pp 385-9","Ajahn Chah, ‘Toward the Unconditioned,’ in ‘Food for the Heart,’ pp 385-9","Ajahn Chah, ‘Toward the Unconditioned,’ in ‘Food for the Heart,’ pp. 385-9",,
4,10,"Ajahn Chah, ‘Convention and Liberation,’ in ‘Food for the Heart,’ p 307","Ajahn Chah, ‘Convention and Liberation,’ in ‘Food for the Heart,’ p 307","Ajahn Chah, ‘Convention and Liberation,’ in ‘Food for the Heart,’ p. 307",,
5,1,"Nyaṇatiloka Bhikkhu, ‘Buddhist Dictionary,’ p 106","Nyaṇatiloka Bhikkhu, ‘Buddhist Dictionary,’ p 106","Nyaṇatiloka Bhikkhu, ‘Buddhist Dictionary,’ p. 106",,
5,2,M 140.31,M 140.31,,M 140.31,MN 140.31
5,3,Dhp 21,Dhp 21,,Dhp 21,Dhp 21
5,4,A 6.49,A 6.49,,A 6.49,AN 6.49
5,5,S 22.49,S 22.49,,S 22.49,SN 22.49
5,6,S 1.20,S 1.20,,S 1.20,SN 1.20
5,7,Nid 80.226,Nid 80.226,,Nid 80.226,Nid 80.226
5,8,"S 22.59, MV 1.6","S 22.59, MV 1.6",,"S 22.59, MV 1.6","SN 22.59, Mv 1.6"
5,9,M 144.9,M 144.9,,M 144.9,MN 144.9
5,10,M 102.23-4,M 102.23-4,,M 102.23-4,MN 102.23-4
5,11,A 3.32,A 3.32,,A 3.32,AN 3.32
5,12,Ud 6.6,Ud 6.6,,Ud 6.6,Ud 6.6
5,13,M 2.7-8,M 2.7-8,,M 2.7-8,MN 2.7-8
5,14,S 44.10,S 44.10,,S 44.10,SN 44.10
5,15,M 1.3-194 (abridged),M 1.3-194 (abridged),M 1.3-194 (abridged),,
5,16,"Ṭhānissaro Bhikkhu, ‘Noble Strategy,’ pp 71-4","Ṭhānissaro Bhikkhu, ‘Noble Strategy,’ pp 71-4","Ṭhānissaro Bhikkhu, ‘Noble Strategy,’ pp. 71-4",,
5,17,"Ud 4.1, A 9.3","Ud 4.1, A 9.3",,"Ud 4.1, A 9.3","Ud 4.1, AN 9.3"
5,18,Ud 2.1,Ud 2.1,,Ud 2.1,Ud 2.1
5,19,Ud 3.10,Ud 3.10,,Ud 3.10,Ud 3.10
5,20,Iti 58,Iti 58,,Iti 58,Iti 58
5,21,M 22.37,M 22.37,,M 22.37,MN 22.37
5,22,M 22.20,M 22.20,,M 22.20,MN 22.20
5,23,A 6.101,A 6.101,,A 6.101,AN 6.101
5,24,"Ajahn Sucitto, ‘The Dawn of the Dhamma,’ p 97","Ajahn Sucitto, ‘The Dawn of the Dhamma,’ p 97","Ajahn Sucitto, ‘The Dawn of the Dhamma,’ p. 97",,
5,25,"Ajahn Chah, ‘No Abiding,’ in ‘Food for the Heart,’ p 316","Ajahn Chah, ‘No Abiding,’ in ‘Food for the Heart,’ p 316","Ajahn Chah, ‘No Abiding,’ in ‘Food for the Heart,’ p. 316",,
5,26,"ibid, pp 316-7",,,,
5,27,M 75.12,M 75.12,,M 75.12,MN 75.12
5,28,M 74.2-5,M 74.2-5,,M 74.2-5,MN 74.2-5
5,29,M 102.12,M 102.12,,M 102.12,MN 102.12
5,30,Iti 49,Iti 49,,Iti 49,Iti 49
5,31,"MV 1.6, S 22.59","MV 1.6, S 22.59",,"MV 1.6, S 22.59","Mv 1.6, SN 22.59"
5,32,"S 12.15, S 22.90","S 12.15, S 22.90",,"S 12.15, S 22.90","SN 12.15, SN 22.90"
5,33,"Ācariya Nāgārjuna, Mūlamadhyamaka-kārikā, Ch.15","Ācariya Nāgārjuna, Mūlamadhyamaka-kārikā, Ch.15","Ācariya Nāgārjuna, Mūlamadhyamaka-kārikā, Ch.15",,
5,34,M 49.27,M 49.27,,M 49.27,MN 49.27
5,35,S 5.10,S 5.10,,S 5.10,SN 5.10
5,36,"‘Spiritual Autobiography,’ Ajahn Chah","‘Spiritual Autobiography,’ Ajahn Chah","‘Spiritual Autobiography,’ Ajahn Chah",,
6,1,"Santikaro Bhikkhu, adapted from ‘Evolution/Liberation,’ 1989","Santikaro Bhikkhu, adapted from ‘Evolution/Liberation,’ 1989","Santikaro Bhikkhu, adapted from ‘Evolution/Liberation,’ 1989",,
6,2,M 113.21,M 113.21,,M 113.21,MN 113.21
6,3,M 137.19-20,M 137.19-20,,M 137.19-20,MN 137.19-20
6,4,"Richard Gombrich, ‘Metaphor, Allegory, Satire,’ in ‘How Buddhism Began: The Conditioned Genesis of the Early Teachings,’ pp 86-7","Richard Gombrich, ‘Metaphor, Allegory, Satire,’ in ‘How Buddhism Began: The Conditioned Genesis of the Early Teachings,’ pp 86-7","Richard Gombrich, ‘Metaphor, Allegory, Satire,’ in ‘How Buddhism Began: The Conditioned Genesis of the Early Teachings,’ pp. 86-7",,
6,5,"Hsin Hsin Ming, the verses of the Third Ch’an Patriarch","Hsin Hsin Ming, the verses of the Third Ch’an Patriarch","Hsin Hsin Ming, the verses of the Third Ch’an Patriarch",,
6,6,"Luang Pu Dun, ‘Atulo,’ collected teachings compiled by Phra Bodhinandamuni","Luang Pu Dun, ‘Atulo,’ collected teachings compiled by Phra Bodhinandamuni","Luang Pu Dun, ‘Atulo,’ collected teachings compiled by Phra Bodhinandamuni",,
6,7,"A 1.150 in Bhikkhu Ñāṇananda, ‘The Magic of the Mind,’ pp 49 & 52","A 1.150 in Bhikkhu Ñāṇananda, ‘The Magic of the Mind,’ pp 49 & 52","A 1.150 in Bhikkhu Ñāṇananda, ‘The Magic of the Mind,’ pp. 49 & 52",,
6,8,A 4.24,A 4.24,,A 4.24,AN 4.24
6,9,M 18.16-19,M 18.16-19,,M 18.16-19,MN 18.16-19
7,2,"Stephen Collins, ‘Selfless Persons,’ pp 43-45","Stephen Collins, ‘Selfless Persons,’ pp 43-45","Stephen Collins, ‘Selfless Persons,’ pp. 43-45",,
7,3,"M 64.9-16, A 9.36","M 64.9-16, A 9.36",,"M 64.9-16, A 9.36","MN 64.9-16, AN 9.36"
7,4,Iti 51,Iti 51,,Iti 51,Iti 51
7,5,A 9.37,A 9.37,,A 9.37,AN 9.37
7,6,S 48.57 (Bhikkhu Ñāṇamoli trans.),S 48.57 (Bhikkhu Ñāṇamoli trans.),S 48.57 (Bhikkhu Ñāṇamoli trans.),,
7,7,"ibid, (Bhikkhu Ñāṇamoli trans.)",,,,
7,8,A 10.58,A 10.58,,A 10.58,AN 10.58
7,9,A 8.73,A 8.73,,A 8.73,AN 8.73
7,10,M 49.23,M 49.23,,M 49.23,MN 49.23
7,11,M 1.25,M 1.25,,M 1.25,MN 1.25
8,1,"Bhikkhu Bodhi, note 513, Majjhima Nikāya","Bhikkhu Bodhi, note 513, Majjhima Nikāya","Bhikkhu Bodhi, note 513, Majjhima Nikāya",,
8,2,"D 11.81-5, (Maurice Walshe trans.)","D 11.81-5, (Maurice Walshe trans.)","D 11.81-5, (Maurice Walshe trans.)",,
8,3,"ibid, (Bhikkhu Ñāṇananda trans.)",,,,
8,4,"Ven. P.A. Payutto, ‘Dependent Origination,’ pp 106-8","Ven. P.A. Payutto, ‘Dependent Origination,’ pp 106-8","Ven. P.A. Payutto, ‘Dependent Origination,’ pp. 106-8",,
8,5,"Bhikkhu Ñāṇananda, ‘Concept and Reality,’ p 66","Bhikkhu Ñāṇananda, ‘Concept and Reality,’ p 66","Bhikkhu Ñāṇananda, ‘Concept and Reality,’ p. 66",,
8,6,"S 2.26, A 4.45","S 2.26, A 4.45",,"S 2.26, A 4.45","SN 2.26, AN 4.45"
8,7,"Ajahn Chah, (anecdotal)","Ajahn Chah, (anecdotal)","Ajahn Chah, (anecdotal)",,
8,8,Ud 1.10,Ud 1.10,,Ud 1.10,Ud 1.10
8,9,SN 873-4,SN 873-4,,SN 873-4,Snp 873-4
8,10,"‘Uppalamani,’ unpublished biography of Ajahn Chah, by Phra Ong Nueng","‘Uppalamani,’ unpublished biography of Ajahn Chah, by Phra Ong Nueng","‘Uppalamani,’ unpublished biography of Ajahn Chah, by Phra Ong Nueng",,
8,11,A 11.9,A 11.9,,A 11.9,AN 11.9
8,12,A 10.6,A 10.6,,A 10.6,AN 10.6
8,13,"Ajahn Chah, (anecdotal)","Ajahn Chah, (anecdotal)","Ajahn Chah, (anecdotal)",,
8,14,"Luang Pu Dun, ‘Atulo,’ collected teachings compiled by Phra Bodhinandamuni","Luang Pu Dun, ‘Atulo,’ collected teachings compiled by Phra Bodhinandamuni","Luang Pu Dun, ‘Atulo,’ collected teachings compiled by Phra Bodhinandamuni",,
8,15,"M 10.34-35, D 22.12","M 10.34-35, D 22.12",,"M 10.34-35, D 22.12","MN 10.34-35, DN 22.12"
8,16,"Ajahn Chah, (anecdotal)","Ajahn Chah, (anecdotal)","Ajahn Chah, (anecdotal)",,
8,17,"Luang Pu Dun, ‘Atulo,’ collected teachings compiled by Phra Bodhinandamuni","Luang Pu Dun, ‘Atulo,’ collected teachings compiled by Phra Bodhinandamuni","Luang Pu Dun, ‘Atulo,’ collected teachings compiled by Phra Bodhinandamuni",,
8,18,ibid,,,,
8,19,M 49.25,M 49.25,,M 49.25,MN 49.25
8,20,"ibid, (Bhikkhu Bodhi trans.)",,,,
8,21,S 12.38,S 12.38,,S 12.38,SN 12.38
8,22,S 22.53,S 22.53,,S 22.53,SN 22.53
8,23,M 22.36,M 22.36,,M 22.36,MN 22.36
8,24,S 12.64,S 12.64,,S 12.64,SN 12.64
8,25,SN 752-3,SN 752-3,,SN 752-3,Snp 752-3
8,26,M 62.17,M 62.17,,M 62.17,MN 62.17
8,27,S 4.19,S 4.19,,S 4.19,SN 4.19
8,28,"Sixth Patriarch’s Sutra, Ch. 1, ‘Action and Intention’","Sixth Patriarch’s Sutra, Ch. 1, ‘Action and Intention’","Sixth Patriarch’s Sutra, Ch. 1, ‘Action and Intention’",,
8,29,"Vajra Sūtra, Ch 10, ‘The Adornment of Pure Lands’","Vajra Sūtra, Ch 10, ‘The Adornment of Pure Lands’","Vajra Sūtra, Ch 10, ‘The Adornment of Pure Lands’",,
8,30,"The Sixth Patriarch’s Dharma Jewel Platform Sutra, Ch 1","The Sixth Patriarch’s Dharma Jewel Platform Sutra, Ch 1","The Sixth Patriarch’s Dharma Jewel Platform Sutra, Ch 1",,
8,31,ibid,,,,
9,1,"Ajahn Mahā Boowa, ‘Straight from the Heart,’ p 171","Ajahn Mahā Boowa, ‘Straight from the Heart,’ p 171","Ajahn Mahā Boowa, ‘Straight from the Heart,’ p. 171",,
9,2,Ud 8.1,Ud 8.1,,Ud 8.1,Ud 8.1
9,3,"Ud 8.3, Iti 43","Ud 8.3, Iti 43",,"Ud 8.3, Iti 43","Ud 8.3, Iti 43"
9,4,Ud 8.4,Ud 8.4,,Ud 8.4,Ud 8.4
9,5,"Bhikkhu Ñāṇananda, ‘The Magic of the Mind,’ pp 53-55","Bhikkhu Ñāṇananda, ‘The Magic of the Mind,’ pp 53-55","Bhikkhu Ñāṇananda, ‘The Magic of the Mind,’ pp. 53-55",,
9,6,"Ācariya Nāgārjuna, Mūlamadyamaka-kārika, Ch 25","Ācariya Nāgārjuna, Mūlamadyamaka-kārika, Ch 25","Ācariya Nāgārjuna, Mūlamadyamaka-kārika, Ch 25",,
9,7,Miln 323,Miln 323,,Miln 323,Mil 323
9,8,Miln 326-328,Miln 326-328,,Miln 326-328,Mil 326-328
9,9,"Ajahn Chah, personal letter to Ajahn Sumedho","Ajahn Chah, personal letter to Ajahn Sumedho","Ajahn Chah, personal letter to Ajahn Sumedho",,
9,10,S 1.1,S 1.1,,S 1.1,SN 1.1
10,1,A 4.36,A 4.36,,A 4.36,AN 4.36
10,2,"‘No Ajahn Chah,’ back cover","‘No Ajahn Chah,’ back cover","‘No Ajahn Chah,’ back cover",,
10,3,"ibid, epigraph",,,,
10,4,S 22.87,S 22.87,,S 22.87,SN 22.87
10,5,"Saṃyutta Nikāya, note 168, p 1081","Saṃyutta Nikāya, note 168, p 1081","Saṃyutta Nikāya, note 168, p. 1081",,
10,6,D 27.9,D 27.9,,D 27.9,DN 27.9
10,7,M 18.12,M 18.12,,M 18.12,MN 18.12
10,8,Iti 92,Iti 92,,Iti 92,Iti 92
10,9,SN 1133-43,SN 1133-43,,SN 1133-43,Snp 1133-43
10,10,S 22.36,S 22.36,,S 22.36,SN 22.36
10,11,M 43.35,M 43.35,,M 43.35,MN 43.35
10,12,Iti 63,Iti 63,,Iti 63,Iti 63
10,13,M 22.36,M 22.36,,M 22.36,MN 22.36
10,14,M 72.20,M 72.20,,M 72.20,MN 72.20
10,15,S 44.1,S 44.1,,S 44.1,SN 44.1
10,16,"Gregory of Nyssa, in ‘Prayer Without Language in the Mystical Tradition’ by Fr Cyprian, in ‘The Solace of Fierce Landscapes,’ by Belden Lane","Gregory of Nyssa, in ‘Prayer Without Language in the Mystical Tradition’ by Fr Cyprian, in ‘The Solace of Fierce Landscapes,’ by Belden Lane","Gregory of Nyssa, in ‘Prayer Without Language in the Mystical Tradition’ by Fr Cyprian, in ‘The Solace of Fierce Landscapes,’ by Belden Lane",,
10,17,"Meister Eckhart, ibid","Meister Eckhart, ibid","Meister Eckhart, ibid",,
10,18,"L. Wittgenstein, Proposition 7, Tractatus Logico-Philosophicus","L. Wittgenstein, Proposition 7, Tractatus Logico-Philosophicus","L. Wittgenstein, Proposition 7, Tractatus Logico-Philosophicus",,
10,19,"S 22.86, S 44.2","S 22.86, S 44.2",,"S 22.86, S 44.2","SN 22.86, SN 44.2"
10,20,S 22.85,S 22.85,,S 22.85,SN 22.85
10,21,A 4.174,A 4.174,,A 4.174,AN 4.174
10,22,D 15.32,D 15.32,,D 15.32,DN 15.32
11,1,M 63.7-9,M 63.7-9,,M 63.7-9,MN 63.7-9
11,2,M 72.16-20,M 72.16-20,,M 72.16-20,MN 72.16-20
11,3,"Dhammapada Commentary, to verses 419-20","Dhammapada Commentary, to verses 419-20","Dhammapada Commentary, to verses 419-20",,
11,4,D 1.3.73,D 1.3.73,,D 1.3.73,DN 1.3.73
11,5,S 35.83,S 35.83,,S 35.83,SN 35.83
11,6,"SN 1074-6, (Ṭhānissaro Bhikkhu trans.)","SN 1074-6, (Ṭhānissaro Bhikkhu trans.)","SN 1074-6, (Ṭhānissaro Bhikkhu trans.)",,
11,7,"ibid, (Ven. H. Sadhatissa trans.)",,,,
11,8,SN 1118-9,SN 1118-9,,SN 1118-9,Snp 1118-9
12,1,S 56.11,S 56.11,,S 56.11,SN 56.11
12,2,"Ajahn Chah, ‘Food For the Heart,’ pp 43-4","Ajahn Chah, ‘Food For the Heart,’ pp 43-4","Ajahn Chah, ‘Food For the Heart,’ pp. 43-4",,
12,3,"Ajahn Mun, ‘The Ballad of Liberation from the Five Khandhas,’ ll 180-86","Ajahn Mun, ‘The Ballad of Liberation from the Five Khandhas,’ ll 180-86","Ajahn Mun, ‘The Ballad of Liberation from the Five Khandhas,’ ll 180-86",,
12,4,"ibid, ll 408-21",,,,
12,5,"Ajahn Chah, in ‘Food for the Heart,’ pp 157-8","Ajahn Chah, in ‘Food for the Heart,’ pp 157-8","Ajahn Chah, in ‘Food for the Heart,’ pp. 157-8",,
12,6,"Upāsikā Kee Nanayon, ‘An Unentangled Knowing,’ p 33","Upāsikā Kee Nanayon, ‘An Unentangled Knowing,’ p 33","Upāsikā Kee Nanayon, ‘An Unentangled Knowing,’ p. 33",,
12,7,"Ajahn Chah, in ‘Venerable Father,’ by Paul Breiter, p 154","Ajahn Chah, in ‘Venerable Father,’ by Paul Breiter, p 154","Ajahn Chah, in ‘Venerable Father,’ by Paul Breiter, p. 154",,
12,8,"Ajahn Sumedho, ‘What is the Citta?’ ‘Forest Sangha Newsletter,’ Oct 1988","Ajahn Sumedho, ‘What is the Citta?’ ‘Forest Sangha Newsletter,’ Oct 1988","Ajahn Sumedho, ‘What is the Citta?’ ‘Forest Sangha Newsletter,’ Oct 1988",,
12,9,"Buddhadāsa Bhikkhu, ‘Heartwood from the Bodhi Tree,’ pp 51-2","Buddhadāsa Bhikkhu, ‘Heartwood from the Bodhi Tree,’ pp 51-2","Buddhadāsa Bhikkhu, ‘Heartwood from the Bodhi Tree,’ pp. 51-2",,
12,10,S 35.85,S 35.85,,S 35.85,SN 35.85
12,11,S 41.7,S 41.7,,S 41.7,SN 41.7
12,12,D 16.2.25,D 16.2.25,,D 16.2.25,DN 16.2.25
12,13,Vsm 21.70,Vsm 21.70,,Vsm 21.70,Vsm 21.70
12,14,M 121,M 121,,M 121,MN 121
12,15,S 20.7,S 20.7,,S 20.7,SN 20.7
12,16,S 55.53,S 55.53,,S 55.53,SN 55.53
12,17,S 22.95,S 22.95,,S 22.95,SN 22.95
12,18,Dhp 46,Dhp 46,,Dhp 46,Dhp 46
12,19,Dhp 170,Dhp 170,,Dhp 170,Dhp 170
12,20,"Vajra Sūtra, Ch.32","Vajra Sūtra, Ch.32","Vajra Sūtra, Ch.32",,
12,21,"‘The Heart of Prajñā Pāramitā Sūtra,’ p 1","‘The Heart of Prajñā Pāramitā Sūtra,’ p 1","‘The Heart of Prajñā Pāramitā Sūtra,’ p. 1",,
12,22,A 4.142,A 4.142,,A 4.142,AN 4.142
12,23,S 1.80,S 1.80,,S 1.80,SN 1.80
12,24,A 1.61 & .62,A 1.61 & .62,,A 1.61 & .62,AN 1.61 & .62
12,25,"Ven. Ajahn Mun, ‘A Heart Released,’ p 23","Ven. Ajahn Mun, ‘A Heart Released,’ p 23","Ven. Ajahn Mun, ‘A Heart Released,’ p. 23",,
12,26,"Ajahn Thate, ‘Only the World Ends,’ pp 47-9","Ajahn Thate, ‘Only the World Ends,’ pp 47-9","Ajahn Thate, ‘Only the World Ends,’ pp. 47-9",,
12,27,"Ajahn Mahā Boowa, ‘Straight From the Heart,’ pp 139-140,","Ajahn Mahā Boowa, ‘Straight From the Heart,’ pp 139-140,","Ajahn Mahā Boowa, ‘Straight From the Heart,’ pp. 139-140,",,
12,28,ibid pp 152-55,,,,
12,29,"Ajahn Chah, ‘Food for the Heart,’ p 41","Ajahn Chah, ‘Food for the Heart,’ p 41","Ajahn Chah, ‘Food for the Heart,’ p. 41",,
13,1,A 4.179,A 4.179,,A 4.179,AN 4.179
13,2,A 10.60,A 10.60,,A 10.60,AN 10.60
13,3,A 1.20.102,A 1.20.102,,A 1.20.102,AN 1.20.102
13,4,Ud 5.5,Ud 5.5,,Ud 5.5,Ud 5.5
13,5,A 3.55,A 3.55,,A 3.55,AN 3.55
13,6,M 26.19,M 26.19,,M 26.19,MN 26.19
13,7,Iti 54 & 55,Iti 54 & 55,,Iti 54 & 55,Iti 54 & 55
13,8,M 107.3-11,M 107.3-11,,M 107.3-11,MN 107.3-11
13,9,M 73.14,M 73.14,,M 73.14,MN 73.14
13,10,M 29.7,M 29.7,,M 29.7,MN 29.7
13,11,M 24.10,M 24.10,,M 24.10,MN 24.10
13,12,A 3.100,A 3.100,,A 3.100,AN 3.100
13,13,"M 70.13, .22 & .23","M 70.13, .22 & .23",,"M 70.13, .22 & .23","MN 70.13, .22 & .23"
13,14,"A 9.3, Ud 4.1","A 9.3, Ud 4.1",,"A 9.3, Ud 4.1","AN 9.3, Ud 4.1"
13,15,M 117.34,M 117.34,,M 117.34,MN 117.34
13,16,A 10.2,A 10.2,,A 10.2,AN 10.2
13,17,M 118.15,M 118.15,,M 118.15,MN 118.15
13,18,S 56.11,S 56.11,,S 56.11,SN 56.11
13,19,S 51.20,S 51.20,,S 51.20,SN 51.20
13,20,SN 1106-7 & 1111,SN 1106-7 & 1111,,SN 1106-7 & 1111,Snp 1106-7 & 1111
13,21,SN 1098,SN 1098,,SN 1098,Snp 1098
13,22,A 1.182,A 1.182,,A 1.182,AN 1.182
13,23,S 12.15,S 12.15,,S 12.15,SN 12.15
13,24,Iti 49,Iti 49,,Iti 49,Iti 49
13,25,S 12.48,S 12.48,,S 12.48,SN 12.48
13,26,S 12.18,S 12.18,,S 12.18,SN 12.18
13,27,S 12.67,S 12.67,,S 12.67,SN 12.67
14,1,M 10.2,M 10.2,,M 10.2,MN 10.2
14,2,SN 1086-7,SN 1086-7,,SN 1086-7,Snp 1086-7
14,3,S 48.54,S 48.54,,S 48.54,SN 48.54
14,4,S 48.45,S 48.45,,S 48.45,SN 48.45
14,5,A 7.58,A 7.58,,A 7.58,AN 7.58
14,6,S 35.80,S 35.80,,S 35.80,SN 35.80
14,7,"Ajahn Chah, ‘Food for the Heart,’ p 241-2","Ajahn Chah, ‘Food for the Heart,’ p 241-2","Ajahn Chah, ‘Food for the Heart,’ p. 241-2",,
14,8,M 11.17,M 11.17,,M 11.17,MN 11.17
14,9,S 35.131,S 35.131,,S 35.131,SN 35.131
14,10,M 57.2-4,M 57.2-4,,M 57.2-4,MN 57.2-4
14,11,S 22.80,S 22.80,,S 22.80,SN 22.80
14,12,M 11.6-7,M 11.6-7,,M 11.6-7,MN 11.6-7
14,13,M 74.6-8,M 74.6-8,,M 74.6-8,MN 74.6-8
14,14,M 63.7-8,M 63.7-8,,M 63.7-8,MN 63.7-8
14,15,SN 800-3,SN 800-3,,SN 800-3,Snp 800-3
14,16,M 2.7-8,M 2.7-8,,M 2.7-8,MN 2.7-8
14,17,M 109.15-18,M 109.15-18,,M 109.15-18,MN 109.15-18
14,18,S 35.82,S 35.82,,S 35.82,SN 35.82
14,19,S 35.116,S 35.116,,S 35.116,SN 35.116
14,20,M 8.3,M 8.3,,M 8.3,MN 8.3
14,21,S 4.16,S 4.16,,S 4.16,SN 4.16
14,22,S 35.90,S 35.90,,S 35.90,SN 35.90
14,23,S 35.248,S 35.248,,S 35.248,SN 35.248
14,24,SN 954,SN 954,,SN 954,Snp 954
14,25,M 72.15,M 72.15,,M 72.15,MN 72.15
14,26,S 12.51,S 12.51,,S 12.51,SN 12.51
14,27,M 138.3,M 138.3,,M 138.3,MN 138.3
14,28,SN 839,SN 839,,SN 839,Snp 839
14,29,SN 794-5,SN 794-5,,SN 794-5,Snp 794-5
14,30,SN 812-13,SN 812-13,,SN 812-13,Snp 812-13
14,31,SN 537,SN 537,,SN 537,Snp 537
14,32,Dhp 421,Dhp 421,,Dhp 421,Dhp 421
14,33,Dhp 348,Dhp 348,,Dhp 348,Dhp 348
14,34,"Ajahn Chah, ‘A Still Forest Pool,’ p 73","Ajahn Chah, ‘A Still Forest Pool,’ p 73","Ajahn Chah, ‘A Still Forest Pool,’ p. 73",,
15,1,S 51.15,S 51.15,,S 51.15,SN 51.15
15,2,M 106.10-15,M 106.10-15,,M 106.10-15,MN 106.10-15
15,3,M 1.50,M 1.50,,M 1.50,MN 1.50
15,4,A 9.36,A 9.36,,A 9.36,AN 9.36
15,5,S 1.1,S 1.1,,S 1.1,SN 1.1
15,6,"Ajahn Chah, ‘Food for the Heart,’ p 339","Ajahn Chah, ‘Food for the Heart,’ p 339","Ajahn Chah, ‘Food for the Heart,’ p. 339",,
15,7,"M 112.4, .6, .8 & .10","M 112.4, .6, .8 & .10",,"M 112.4, .6, .8 & .10","MN 112.4, .6, .8 & .10"
15,8,A 10.7,A 10.7,,A 10.7,AN 10.7
15,9,A 8.30,A 8.30,,A 8.30,AN 8.30
15,10,S 2.5,S 2.5,,S 2.5,SN 2.5
15,11,A 3.83,A 3.83,,A 3.83,AN 3.83
15,12,S 52.9,S 52.9,,S 52.9,SN 52.9
15,13,M 123.22,M 123.22,,M 123.22,MN 123.22
15,14,"M 122.4, .6 & .7","M 122.4, .6 & .7",,"M 122.4, .6 & .7","MN 122.4, .6 & .7"
15,15,A 4.96 & .99,A 4.96 & .99,,A 4.96 & .99,AN 4.96 & .99
15,16,S 43.1,S 43.1,,S 43.1,SN 43.1
16,1,S 56.35,S 56.35,,S 56.35,SN 56.35
16,2,MV 1.7,MV 1.7,,MV 1.7,Mv 1.7
16,3,S 45.179,S 45.179,,S 45.179,SN 45.179
16,4,S 45.180,S 45.180,,S 45.180,SN 45.180
16,5,M 118.9-12,M 118.9-12,,M 118.9-12,MN 118.9-12
16,6,S 55.52,S 55.52,,S 55.52,SN 55.52
16,7,D 18.1,D 18.1,,D 18.1,DN 18.1
16,8,S 55.5,S 55.5,,S 55.5,SN 55.5
16,9,A 4.240,A 4.240,,A 4.240,AN 4.240
16,10,Iti 76,Iti 76,,Iti 76,Iti 76
16,11,S 55.21,S 55.21,,S 55.21,SN 55.21
16,12,D 3.2.21-22,D 3.2.21-22,,D 3.2.21-22,DN 3.2.21-22
16,13,S 45.55,S 45.55,,S 45.55,SN 45.55
16,14,"M 2.3, .9-11","M 2.3, .9-11",,"M 2.3, .9-11","MN 2.3, .9-11"
16,15,S 22.122,S 22.122,,S 22.122,SN 22.122
16,16,A 6.98 & .101 (combined),A 6.98 & .101 (combined),A 6.98 & .101 (combined),,
16,17,S 12.67,S 12.67,,S 12.67,SN 12.67
16,18,A 5.260,A 5.260,,A 5.260,AN 5.260
16,19,M 6.2-3 & .11,M 6.2-3 & .11,,M 6.2-3 & .11,MN 6.2-3 & .11
16,20,D 2.101-2,D 2.101-2,,D 2.101-2,DN 2.101-2
16,21,A 3.85,A 3.85,,A 3.85,AN 3.85
16,22,MV 1.23,MV 1.23,,MV 1.23,Mv 1.23
16,23,S 12.68,S 12.68,,S 12.68,SN 12.68
17,1,D 5.29-30,D 5.29-30,,D 5.29-30,DN 5.29-30
17,2,M 56.18 (Bhikkhu Ñāṇamoli and Bhikkhu Bodhi trans.),M 56.18 (Bhikkhu Ñāṇamoli and Bhikkhu Bodhi trans.),M 56.18 (Bhikkhu Ñāṇamoli and Bhikkhu Bodhi trans.),,
17,3,"ibid, (Ṭhānissaro Bhikkhu trans.)",,,,
17,4,S 12.70,S 12.70,,S 12.70,SN 12.70
17,5,S 45.9,S 45.9,,S 45.9,SN 45.9
17,6,S 56.51,S 56.51,,S 56.51,SN 56.51
17,7,S 12.27,S 12.27,,S 12.27,SN 12.27
17,8,S 12.49,S 12.49,,S 12.49,SN 12.49
17,9,S 22.109,S 22.109,,S 22.109,SN 22.109
17,10,S 25.1,S 25.1,,S 25.1,SN 25.1
17,11,S 48.3,S 48.3,,S 48.3,SN 48.3
17,12,A 7.62,A 7.62,,A 7.62,AN 7.62
18,1,M 44.7,M 44.7,,M 44.7,MN 44.7
18,2,"Ajahn Chah, ‘Being Dharma,’ pp 166-7","Ajahn Chah, ‘Being Dharma,’ pp 166-7","Ajahn Chah, ‘Being Dharma,’ pp. 166-7",,
18,3,S 22.1,S 22.1,,S 22.1,SN 22.1
18,4,S 24.1,S 24.1,,S 24.1,SN 24.1
18,5,M 78.11,M 78.11,,M 78.11,MN 78.11
18,6,S 55.1,S 55.1,,S 55.1,SN 55.1
18,7,S 55.2,S 55.2,,S 55.2,SN 55.2
18,8,S 12.41,S 12.41,,S 12.41,SN 12.41
18,9,S 45.158,S 45.158,,S 45.158,SN 45.158
18,10,S 45.159,S 45.159,,S 45.159,SN 45.159
18,11,S 55.6,S 55.6,,S 55.6,SN 55.6
18,12,M 48.7-15,M 48.7-15,,M 48.7-15,MN 48.7-15
18,13,A 6.12,A 6.12,,A 6.12,AN 6.12
18,14,M 115.12-13,M 115.12-13,,M 115.12-13,MN 115.12-13
18,15,S 55.40,S 55.40,,S 55.40,SN 55.40
19,1,S 56.51,S 56.51,,S 56.51,SN 56.51
19,2,A 8.19,A 8.19,,A 8.19,AN 8.19
19,3,M 142.6,M 142.6,,M 142.6,MN 142.6
19,4,S 55.54,S 55.54,,S 55.54,SN 55.54
19,6,A 4.52,A 4.52,,A 4.52,AN 4.52
19,7,S 55.41,S 55.41,,S 55.41,SN 55.41
19,8,S 55.26,S 55.26,,S 55.26,SN 55.26
19,9,S 55.24,S 55.24,,S 55.24,SN 55.24
19,10,S 55.36,S 55.36,,S 55.36,SN 55.36
19,11,A 6.97,A 6.97,,A 6.97,AN 6.97
19,12,S 13.10,S 13.10,,S 13.10,SN 13.10
19,13,S 55.17,S 55.17,,S 55.17,SN 55.17
19,14,S 55.38,S 55.38,,S 55.38,SN 55.38
19,15,M 34.9-12,M 34.9-12,,M 34.9-12,MN 34.9-12
19,16,M 68.8-24,M 68.8-24,,M 68.8-24,MN 68.8-24
20,1,A 1.17.10,A 1.17.10,,A 1.17.10,AN 1.17.10
20,2,"‘Venerable Ācariya Mun Bhuridatta Thera: A Spiritual Biography,‘ by Ācariya Mahā Boowa Ñānasampanno, p 276","‘Venerable Ācariya Mun Bhuridatta Thera: A Spiritual Biography,‘ by Ācariya Mahā Boowa Ñānasampanno, p 276","‘Venerable Ācariya Mun Bhuridatta Thera: A Spiritual Biography,‘ by Ācariya Mahā Boowa Ñānasampanno, p. 276",,
20,3,M 22.20,M 22.20,,M 22.20,MN 22.20
20,4,A 6.101,A 6.101,,A 6.101,AN 6.101
20,5,M 35.30,M 35.30,,M 35.30,MN 35.30
20,6,M 39.2,M 39.2,,M 39.2,MN 39.2
20,7,M 31.20-21,M 31.20-21,,M 31.20-21,MN 31.20-21
20,8,M 34.5 & .11-12,M 34.5 & .11-12,,M 34.5 & .11-12,MN 34.5 & .11-12
20,9,S 22.4,S 22.4,,S 22.4,SN 22.4
20,10,Dhp 202-4,Dhp 202-4,,Dhp 202-4,Dhp 202-4
20,11,"Ajahn Chah, ‘Everything Arises, Everything Falls Away,’ p 20","Ajahn Chah, ‘Everything Arises, Everything Falls Away,’ p 20","Ajahn Chah, ‘Everything Arises, Everything Falls Away,’ p. 20",,
20,12,M 14.22,M 14.22,,M 14.22,MN 14.22
20,13,S 36.19,S 36.19,,S 36.19,SN 36.19
20,14,A 9.34,A 9.34,,A 9.34,AN 9.34
20,15,S 36.31,S 36.31,,S 36.31,SN 36.31
20,16,M 35.26,M 35.26,,M 35.26,MN 35.26
20,17,Ud 2.10,Ud 2.10,,Ud 2.10,Ud 2.10