Modified:,2025,,,,,,,,,,,,,,,,,,,,
Key,Value,,,,,,,,,,,,,,,,,,,,
Title,Metta Retreat,,,,,,,,,,,,,,,,,,,,
Subtitle,,,,,,,,,,,,,,,,,,,,,
Code,Metta2008,,,,,,,,,,,,,,,,,,,,
Series,Other retreats,,,,,,,,,,,,,,,,,,,,
Venue,Padmasambhava Peace Institute,,,,,,,,,,,,,,,,,,,,
Teachers,AP,,,,,,,,,,,,,,,,,,,,
Start date,08/09/2008,,,,,,,,,,,,,,,,,,,,
End date,14/09/2008,,,,,,,,,,,,,,,,,,,,
Format,Multiday event,,,,,,,,,,,,,,,,,,,,
Medium,In-person,,,,,,,,,,,,,,,,,,,,
Tags,Goodwill,,,,,,,,,,,,,,,,,,,,
Website,https://www.abhayagiri.org/media/discs/APasannoRetreats/2008%20Metta%20Retreat/Index.html,,,,,,,,,,,,,,,,,,,,
Description,,,,,,,,,,,,,,,,,,,,,
Sessions,5,,,,,,,,,,,,,,,,,,,,
Excerpts,70,,,,,,,,,,,,,,,,,,,,
Tags applied,630,,,,,,,,,,,,,,,,,,,,
Invalid tags,0,,,,,,,,,,,,,,,,,,,,
Duration,5:45:11,,,,,,,,,,,,,,,,,,,,
<---->,,,,,,,,,,,,,,,,,,,,,
Session #,Date,Filename,Duration,Teachers,Session title,Remote mp3 URL,Excerpts,Tags,Tags 2,Tags 3,Exclude?,Seconds,,,,,,,,,
1,09/09/2008,Day 2 eve - Questions and Answers 1.mp3,58:21,AP,,https://www.abhayagiri.org/media/discs/APasannoRetreats/2008%20Metta%20Retreat/Day%202%20eve%20-%20Questions%20and%20Answers%201.mp3,7,,,,,3501,,,,,,,,,
2,10/09/2008,Day 3 eve - Questions and Answers 2.mp3,56:14,AP,,https://www.abhayagiri.org/media/discs/APasannoRetreats/2008%20Metta%20Retreat/Day%203%20eve%20-%20Questions%20and%20Answers%202.mp3,12,,,,,3374,,,,,,,,,
3,11/09/2008,Day 4 eve - Questions and Answers 3.mp3,1:02:47,AP,,https://www.abhayagiri.org/media/discs/APasannoRetreats/2008%20Metta%20Retreat/Day%204%20eve%20-%20Questions%20and%20Answers%203.mp3,14,,,,,3767,,,,,,,,,
4,12/09/2008,Day 5 eve - Questions and Answers 4.mp3,1:42:29,AP,,https://www.abhayagiri.org/media/discs/APasannoRetreats/2008%20Metta%20Retreat/Day%205%20eve%20-%20Questions%20and%20Answers%204.mp3,20,,,,,6149,,,,,,,,,
5,13/09/2008,Day 6 eve - Questions and Answers 5.mp3,1:05:20,AP,,https://www.abhayagiri.org/media/discs/APasannoRetreats/2008%20Metta%20Retreat/Day%206%20eve%20-%20Questions%20and%20Answers%205.mp3,17,,,,,3920,,,,,,,,,
,,,,,,,,,,,,,,,,,,,,,
<---->,,,,,,,,,,,,,,,,,,,,,
Session #,Kind,Flags,Start time,End time,Text,Teachers,QTag1,QTag2,QTag3,QTag4,ATag1,ATag2,ATag3,ATag4,ATag5,ATag6,ATag7,Off topic?,Exclude?,FTags,FTagOrder
1,Quote,,0:12,0:24,It looks like there's a veritable blizzard of questions. That's always encouraging.,,Questions,,,,,,,,,,,,,,
1,,,0:24,6:45,Can you speak a little about samatha/vipassana and explain the difference between serenity and equanimity?,,Calming meditation,Insight meditation,Equanimity,,Commentaries,Ajahn Chah,Relinquishment,Liberation,Concentration,,,,,,
1,Extra tags,,,,,,,,,,Divine Abidings,Factors of Awakening,Discernment,,,,,,,,
1,Indirect quote,,,,Samatha-vipassanā is like a green mango and a ripe mango. Same mango.|Ajahn Chah,,Ajahn Chah,Calming meditation,Insight meditation,Similes,,,,,,,,,,,
1,,,7:18,24:28,Could you please explain about the death process…how quickly does rebirth occur?,,Death,Rebirth,,,Recollection/Death,Delusion,Self-identity view,Recollection,Impermanence,,,,,Death,150
1,Extra tags,,,,,,,,,,Not-self,Theravāda,History/Early Buddhism,Sutta,Vajrayāna,,,,,,
1,Extra tags,,,,,,,,,,Clinging,Culture/Thailand,Chanting,Goodwill,Relinquishment,,,,,,
1,Extra tags,,,,,,,,,,Ceremony/ritual,Kamma,,,,,,,,,
1,Reference,s,,,Chanting Book p. 55: Five Recollections; Chanting Book p. 12: The body is impermanent...,,Similes,Craving,Rebirth,,,,,,,,,,,,
1,Simile,,,,Fire blown by the wind (MN 72: Aggivacchagotta Sutta),,,,,,,,,,,,,,,,
1,Story,,,,A former monk asks Ajahn Chah about working with dying people to give them the opportunity for wholesome rebirth.,,Ajahn Chah,Death,Teachers,Rebirth,Fierce/direct teaching,,,,,,,,,,
1,Indirect quote,,,,I practice dying.|The Dalai Lama,,Dalai Lama,Recollection/Death,,,,,,,,,,,,,
1,,,25:00,37:30,"As a guilt-ridden American, how do you respond to personal mistakes without guilt?",,Guilt/shame/inadequacy,Culture/West,Great disciples,,Saṅgha,Conscience and prudence,Pāli,Skillful qualities,Self-identity view,,,,,,
1,Extra tags,,,,,,,,,,Respect,Perception,Virtue,Buddha,,,,,,,
1,Extra tags,,,,,,,,,,,,,,,,,,,,
1,Story,,,,A monk falsely accuses Sāriputta (AN 9.11).,,Great disciples,Forgiveness,,,,,,,,,,,,,
1,,,37:38,41:00,How would you describe the jhana states and do you teach this kind of meditation?,,Jhāna,Ajahn Pasanno,,,Concentration,Energy,Clear comprehension,Knowledge and vision,Ajahn Chah,,,,,,
1,Extra tags,,,,,,,,,,Relinquishment,Craving,Conceit,,,,,,,,
1,,,41:23,50:55,"When there is a lot of pain in the body, it is difficult to maintain 'right effort,' yet sometimes through patient endurance the pain lessens or dissipates. Could you speak about right effort and the connection between right effort and samadhi?",,Pain,Right Effort,Patience,Concentration,Skillful qualities,Unskillful qualities,Fear,Aversion,Discernment,Naturalness,,,,Pain,150
1,Recollection,,,,Ajahn Pasanno learned from pain and illness in his early monastic life.,,Ajahn Pasanno,Pain,Sickness,Monastic life,,,,,,,,,,,
1,,,51:15,57:57,What is loving kindness? What is the body and mind’s experience when I feel metta for myself and others?,,Goodwill,,,,Idealism,Culture/West,Right Intention,Aversion,Thai,Happiness,Translation,,,,
1,Extra tags,,,,,,,,,,Bhante Gunaratana,Tranquility,Spaciousness,,,,,,,,
1,Quote,,,,The base of loving-kindness is dwelling in non-aversion.,,Goodwill,Aversion,,,,,,,,,,,,,
1,Quote,,58:00,,"I appreciate people's questions. I enjoy the questions, and I never quite know what's going to come out when people present a question. It's interesting to me as well.",,Questions,Ajahn Pasanno,,,,,,,,,,,,Questions,70
2,,,0:24,5:01,"For me there appears to be a fine line between attention to the breath and controlling the breath. Is it like with quantum physics, just being aware changes the phenomena?",,Mindfulness of breathing,Volition,Science,Present moment awareness,Conditionality,Relinquishment,Restlessness and worry,Right Effort,,,,,,,
2,,,5:18,11:46,"What happens when someone carefully builds the fire, but it turns into a forest fire–uncontrollable–and the person experiences mania, delusions, and paranoia? What is the spiritual treatment?",,Mental illness,Delusion,,,Precepts,Association with people of integrity,Generosity,Becoming,Medicinal requisites,Thai,Work,,,,
2,Quote,,,,One of the first spiritual treatments is to get them to stop meditating.,,Mental illness,Meditation,,,,,,,,,,,,,
2,Recollection,,,,Ajahn Pasanno learned by experience that meditation is not a panacea.,,Ajahn Pasanno,Meditation,Mental illness,Wat Pah Nanachat,,,,,,,,,,,
2,,C,11:57,14:24,What is the definition of wholesome? The word for me connotes the 50's era of Ozzie and Harriet.,,Skillful qualities,Culture/West,,,Pāli,Happiness,Tranquility,Unwholesome Roots,,,,,,Skillful qualities,100
2,,,14:36,24:51,"If one were to become a monastic at Abhayagiri, how would one go about it? What are the day-to-day activities of a monk? What do I need to know and consider before making such a commitment?",,Monastic life,Abhayagiri,Monastic routine,,Sequence of training,Saṅgha decision making,Mentoring,Robes,Ajahn Kaccāna,,,,,,
2,,,24:56,26:21,How will I know if I’m experiencing loving-kindness?,,Goodwill,,,,Right Intention,Aversion,,,,,,,,,
2,,,26:31,31:04,Please explain how to cultivate muditā. I've heard it described as 'poor man's happiness.',,Empathetic joy,Happiness,,,Divine Abidings,Jealousy,Selfishness,,,,,,,,
2,,,31:11,33:40,What is the difference between tanha and lobha?,,Craving,Greed,,,Pāli,Desire,Cause of Suffering,,,,,,,,
2,,,33:50,36:00,What does 'non-contention' mean?,,Non-contention,,,,Aversion,Fear,,,,,,,,,
2,,,36:14,43:33,Could you talk more about working with the hindrance of doubt?,,Doubt,,,,Fear,Aversion,Sensual desire,Mindfulness of body,Tranquility,Mindfulness of feeling,Right Speech,,,Doubt,110
2,Extra tags,,,,,,,,,,Delusion,,,,,,,,,,
2,Simile,,,,A dish of muddy water placed in a dark cupboard (SN 46.55).,,Doubt,Similes,,,,,,,,,,,,,
2,,,44:43,53:55,I have an ongoing problem with certain vibrations. Here the most problematic is the recording device. The trunk of my body feels like it is vibrating.... Any suggestions would be most gratefully received.,,Meditation/Unusual experiences,Technology,,,Mindfulness of body,Aversion,Feeling,Goodwill,Worldly Conditions,Relinquishment,,,,,
2,Fragment,r,6:19,8:13,,,,,,,,,,,,,,,,,
2,Recollection,,,,"Ajahn Chah was this peaceful, happy presence in the center of the universe. Things happened around him all the time...and Ajahn Chah was always happy. You realize that that's really possible in the human condition.",,Ajahn Chah,Happiness,Worldly Conditions,Faith,Disrobing,Human,,,,,,,,Ajahn Chah,80
2,,,54:08,,Please repeat the metta phrases you taught yesterday and today.,,Goodwill,,,,Learning,Mantra,,,,,,,,,
3,,,0:49,6:17,"One of my lay insight mediation teachers said, 'The Western lay practitioner is an experiment in Buddhism.' What do you think? To me it seems our lay teachers are also an experiment.",,Culture/West,Lay life,Lay teachers,,Monastic life,Abhayagiri,Sīladharā,Culture/Thailand,,,,,,,
3,Quote,,,,"Because the monastic presence is so strong in Asia, oftentimes people overlook the strength of the tradition of lay practice and lay teachers.",,Monastic life,Lay life,Lay teachers,Cultural context,,,,,,,,,,,
3,Story,,,,The Buddha tells Māra he will found the fourfold assembly (UD 6.1).,,Buddha/Biography,Māra,Fourfold Assembly,Stages of awakening,Learning,Monastic life,Lay life,,,,,,,,
3,,,7:18,10:48,"This is a common scenario: I’m caught in a story of praise and blame. I notice. A voice says, 'That was very quick. You’re getting good at this.' I wake up again. 'Ah, I know you Mara….' Mara seems to co-opt every moment of awakening to feed the ego. Is there something you can suggest?",,Blame and praise,Māra,Liberation,Self-identity view,Impermanence,Mindfulness of dhammas,Not-self,Aggregates,Dependent origination,Knowing itself,,,,,
3,Extra tags,,,,,,Patience,,,,,,,,,,,,,,
3,Quote,,,,It's really hard to underestimate how important patient endurance is to the practice.,,Patience,,,,,,,,,,,,,,
3,,,11:05,13:21,The lovingkindness chant includes 'May I abide in freedom from affliction.' Why is affliction not included in the wish for all beings?,,Goodwill,Chanting,,,Divine Abidings,Compassion,,,,,,,,,
3,Reference,,,,Chanting Book p. 41.,,,,,,,,,,,,,,,,
3,,,14:05,17:58,"When we have a retreat work period that requires us to leave a sitting after 15 or 30 minutes, should we come to the meditation hall and leave early or just practice elsewhere for that period?",,Meditation retreats,Work,,,Abhayagiri,Posture/Walking,Posture/Sitting,,,,,,,,
3,Story,,,,A good doorknob.,,Building projects,Abhayagiri,,,,,,,,,,,,,
3,,,18:06,20:48,"This morning, you spoke about bringing to mind the metta nimitta. I have some understanding of the feeling of metta, but no understanding of the metta nimitta. Could you explain more fully?",,Goodwill,Nimitta,,,Mindfulness of breathing,Emotion,,,,,,,,,
3,,,21:12,30:40,"Can you speak about working with fear and loss of ego identity, fear, and death?",,Fear,Self-identity view,Death,,Goodwill,Aggregates,Impermanence,Delusion,Faith,Eightfold Path,Perfections,,,,
3,Extra tags,,,,,,,,,,Recollection,,,,,,,,,,
3,Reference,,,,[Description of dukkha](Chanting Book p. 11).,,Suffering,,,,,,,,,,,,,,
3,Indirect quote,,,,We respond to teachings on liberation and Nibbāna with a curious sense of fear and trepidation.|Ajahn Mahā Boowa speaking about Ajahn Mun,,Ajahn Mahā Boowa,Ajahn Mun,Liberation,Nibbāna,Fear,Family,Clinging,,,,,,,,
3,,,30:49,33:48,Could you talk about opportunities for women who wish to practice in the monastic tradition?,,Women's monastic forms,,,,Ajahn Chah lineage,Sīladharā,Ayya Tāthalokā,Culture/West,,,,,,,
3,,,33:57,39:47,I’m not sure in the context of this retreat when to be resting simply with the four foundations of mindfulness and when to be reciting metta phrases. Can you please advise as to how/when to skillfully move from one practice to the other?,,Right Mindfulness,Goodwill,Mantra,,Emotion,Sloth and torpor,Mindfulness of body,Calming meditation,Discernment,,,,,,
3,Sutta,,,,MN 19: Dvedhāvitakka Sutta,,Directed thought and evaluation,Skillful qualities,,,,,,,,,,,,,
3,,,40:27,42:06,It seems that metta would be much easier without a self to protect. How does one realize anatta?,,Goodwill,Not-self,Self-identity view,,Progress of insight,,,,,,,,,,
3,,,42:15,48:19,What is upekkha – equanimity – and how does one practice it?,,Equanimity,,,,Kamma,Conditionality,Not-self,Proliferation,Divine Abidings,Knowledge and vision,Impermanence,,,,
3,Reference,,,,Chanting Book p. 55: Five Recollections,,Kamma,,,,,,,,,,,,,,
3,,,48:22,50:19,What is the most fun part about being a monk?,,Monastic life,Happiness,,,Association with people of integrity,,,,,,,,,,
3,,,50:25,54:04,"What does it mean – the four pairs, the eight kinds of noble beings – in the recollection of the Sangha?",,Recollection/Saṅgha,Chanting,Stages of awakening,,Commentaries,,,,,,,,,,
3,Reference,,,,Chanting Book p. 27: Recollection of the Saṅgha,,,,,,,,,,,,,,,,
3,,,54:15,56:47,What are the general Theravada monastic communities thought on S. N. Goenka’s mediation techniques and vipassana centers?,,Theravāda,S. N. Goenka,Meditation/Techniques,Meditation retreats,Calming meditation,Generosity,Dhamma,,,,,,,,
3,,,57:00,1:02:27,"When doubt is mentioned under the hindrances, is it mainly referring to doubt about the Buddha’s teachings? Are there other implications?",,Doubt,Hindrances,Dhamma,,Everyday life,Mindfulness of mind,Investigation of states,Mindfulness of body,Suffering,Perfectionism,,,,,
4,,,0:00,4:23,"Realized beings abound these days. Care to comment? When the conditions are conducive and the inquiry is in earnest, is it possible to wake up quickly?",,Stages of awakening,Saṅgha,Progress of insight,Ardency,Patience,Ajahn Pasanno,,,,,,,,,
4,Extra tags,,,,,,Conditionality,,,,,,,,,,,,,,
4,Indirect quote,,,,Buddhism hasn't come to America yet.|Ajahn Chah,,Ajahn Chah,Culture/West,Insight Meditation Society,,,,,,,,,,,,
4,,,4:31,6:12,Which suttas describe path and fruit?,,Stages of awakening,Sutta,,,,,,,,,,,,,
4,Sutta,,,,MN 70: Kīṭāgiri Sutta,,,,,,,,,,,,,,,,
4,,,6:32,9:16,I am hoping to go to the Udon/KhonKaen area in Thailand. Are there temples and teachers there you would recommend for lay practice? Who was the teacher you mentioned who has students stay on themselves as metta objects for so long?,,Other Thai forest monasteries,Lay life,Goodwill,,Ajahn Mahā Chatchai,Ajahn Mun,Ajahn Mahā Boowa,History/Thai Buddhism,,,,,,,
4,,,9:31,17:20,"Would you say a bit about the benefits of practicing loving-kindness during the dying process, both for the one who is dying as well as for the caregiver?",,Goodwill,Death,Health care,,Gladdening the mind,Fear,Clear comprehension,Energy,Community,,,,,,
4,Quote,,,,These bodies are really high maintenance when they don't work.,,Sickness,Health care,,,,,,,,,,,,,
4,Recollection,,,,Ajahn Chah was unable to look after himself for the last nine years of his life.,,Ajahn Chah,Sickness,Health care,Respect for elders,Wat Pah Pong,Gratitude,Goodwill,,,,,,,,
4,,,17:41,21:42,"If everything about me is impermanent, and even 'myself' is illusory, just the rising and falling of kamma, then who or what am I addressing when I wish myself well-being?",,Aggregates,Impermanence,Not-self,Kamma,Conventions,Craving not to become,Right View,Conditionality,,,,,,,
4,Extra tags,,,,,,Goodwill,,,,,,,,,,,,,,
4,,,22:20,27:50,"For most of the time on this retreat, I've tried to work with a persistent problem from a variety of angles, but as I work with it it seems to get worse; it seems obsessional. Any suggestions?",,Meditation retreats,Everyday life,Goodwill,Proliferation,Volitional formations,Habits,Spiritual friendship,Patience,,,,,,,
4,,,28:18,29:12,Was Ajahn Chah an anāgamī when Ajahn Chah got angry with that young monk? I thought the root of anger was uprooted at that stage.,,Ajahn Chah,Non-return,Aversion,,,,,,,,,,,,
4,,,29:32,33:06,Please explain in English the Pali chant you give as a blessing at the meal and at other occasions.,,Anumodanā,Pāli,,,Translation,Merit,Similes,Three Refuges,,,,,,,
4,Reference,,,,Chanting Book p. 50,,,,,,,,,,,,,,,,
4,,,33:22,36:57,What is the difference between awareness and consciousness?,,Knowing itself,Consciousness,,,Aggregates,Sense bases,Volitional formations,Volition,Conditionality,Discernment,,,,,
4,,,37:14,47:29,"Would you share some of your personal journey, including the time before you became a monk, and why you became a monk, and how the holy life can help people grow and change?",,Ajahn Pasanno,Monastic life/Motivation,Monastic life,Long-term practice,Culture/West,Travel,Culture/Thailand,,,,,,,Long-term practice,200
4,Story,,,,Ajahn Pasanno begins meditation with a month-long Mahasi Sayadaw retreat.,,Ajahn Pasanno,Meditation retreats,Mahasi Sayadaw,Devotion to wakefulness,Fierce/direct teaching,,,,,,,,,,
4,Story,,,,Ajahn Pasanno's first visit to Wat Pah Pong.,,Ajahn Pasanno,Ordination,Ajahn Chah,Wat Pah Pong,,,,,,,,,,,
4,Indirect quote,-,,,"If you want to stay here, you have to stay at least five years.|Ajahn Chah",,Ajahn Chah,Ajahn Pasanno,Wat Pah Pong,Sequence of training,,,,,,,,,,,
4,Quote,0-,,,"++Reflection++: ""Five years is five years. I'll go back and give myself to Ajahn Chah."" — Ajahn Pasanno",,Ajahn Pasanno,Ajahn Chah,Relinquishment,Mentoring,,,,,,,,,,,
4,Quote,,,,There's no such thing as the ideal monastic or the ideal practitioner.,,Idealism,Monastic life,Lay life,Faith,Disrobing,Suffering,Energy,Patience,Long-term practice,,,,,,
4,,,47:36,52:32,It's been so helpful to hear stories from your own experience. Could you talk about some of the more challenging moments in your practice and how you worked with them?,,Gratitude,Ajahn Pasanno,Long-term practice,,Doubt,Patience,,,,,,,,Doubt,120
4,Quote,,,,"It's not me resolving doubt, but it's allowing the practice or the Dhamma to work.",,Doubt,Self-identity view,Dhamma,Practicing in accordance with Dhamma,Faith,Three Refuges,Patience,,,,,,,,
4,Simile,-,,,"""Getting in the vehicle and allowing it to carry you.""",,Three Refuges,Similes,,,,,,,,,,,,,
4,,,52:54,57:26,What is the Pali word for letting go or relinquishment? Is this the opposite of upādāna?,,Pāli,Relinquishment,Clinging,,Release,Progress of insight,Ajahn Pasanno,,,,,,,Progress of insight,80
4,Sutta,,,,MN 37: Sabbe dhammā nālaṁ abhinivesāya–All dhammas are not to be clung to.,,Conditionality,Clinging,,,,,,,,,,,,,
4,Sutta,,,,"SN 46.1: ...based upon seclusion, dispassion, and cessation, maturing in release.",,Progress of insight,,,,,,,,,,,,,,
4,Sutta,,,,MN 118: Ānāpānasati Sutta,,Mindfulness of breathing,,,,,,,,,,,,,,
4,,,57:29,1:00:21,Is attavādupādāna clinging to sakkāyadiṭṭhi?,,Doctrine-of-self clinging,Self-identity view,,,Fetters,Stream entry,Conceit,Views,,,,,,,
4,,,1:00:53,1:04:31,Do you think being introduced to Buddhism guided you to the contemplative life or would you have become a monk in any tradition?,,Ajahn Pasanno,Monastic life,Spiritual traditions,,Meditation,,,,,,,,,,
4,Story,,,,Ajahn Pasanno's aunt remembers that he said he wanted to be a priest when he was young.,,Ajahn Pasanno,Monastic life,,,,,,,,,,,,,
4,,u,1:04:35,1:11:15,"(A) ""Please say a few more words on posture. For example, I noticed that my body was leaning towards the left. If I weighted my right hand with intention, this seems to stop. Is this a correct tactic?"" (B) ""In my martial arts training, a goal is to relax and make the breathing easier. Is that true of vipassanā as well?""",,Posture/Sitting,Mindfulness of body,Volition,Tranquility,Aggregates,Energy,Buddha images,,,,,,,,
4,Extra tags,,,,,,Mindfulness of breathing,Insight meditation,,,,,,,,,,,,,
4,Indirect quote,,,,That looks like a farang [Western] Buddha. It looks very tense.|Ajahn Chah,,Ajahn Chah,Ajahn Sumedho,Buddha images,Artistic expression,Culture/West,Posture/Sitting,,,,,,,,,
4,,,1:12:00,1:19:58,"I had an experience yeserday in which I may have seen a group of beings above us, particularly above you....I don't think I'm crazy, but I'm very interested in what the Dhamma says about otherworldly/non-material beings.",,Deva,Goodwill,Compassion,Mental illness,Ajahn Pasanno,Culture/Thailand,Realms of existence,Culture/Natural environment,,,,,,,
4,Recollection,,,,Spirits at Wat Pah Nanachat would request Ajahn Pasanno to dedicate merit.,,Ajahn Pasanno,Wat Pah Nanachat,Funerals,Ghost,Deva,Merit,,,,,,,,,
4,Quote,-,,,"They always had to use an intermediary because I was thick, thick, thick.",,Ajahn Pasanno,Ghost,Deva,Psychic powers,,,,,,,,,,,
4,Story,,,,Ajahn Plien declares Casa Serena free of ghosts.,,Ajahn Plien,Abhayagiri,Culture/Thailand,Ghost,Rebirth,,,,,,,,,,
4,,,1:20:10,1:26:25,What is the difference between 'meditating on' versus 'contemplating' or just thinking about something. Can you give some examples how one may skillfully meditate on something versus unskillfully? What does saṅkhāra mean?,,Meditation,Recollection,Directed thought and evaluation,Skillful qualities,Concentration,Progress of insight,Self-identity view,Aggregates,,,,,,,
4,Extra tags,,,,,,Volitional formations,Pāli,,,,,,,,,,,,,
4,Reference,,,,Chanting Book p. 11: A passage to arouse urgency.,,,,,,,,,,,,,,,,
4,,,1:26:49,1:32:34,"When I think of people with spontaneous open generous hearts, they are full of mettā, karuṇā, and muditā, but do not seem equanimous. Can upekkhā come naturally or is it a result of cultivation?",,Divine Abidings,Equanimity,Conditionality,,Becoming,Liberation,Craving,Technology,,,,,,,
4,Quote,,,,"When we say not moved, it doesn't mean dull, shut down, closed off, but being completely in tune, being very clear, and then not being shaken by anything.",,Equanimity,Clear comprehension,,,,,,,,,,,,,
4,,,1:32:44,1:41:35,What is the difference between pīti and sukha?,,Rapture,Happiness,,,Continuity of mindfulness,Concentration,Jhāna,Tranquility,Unification,Mindfulness,,,,,
4,Simile,,,,A traveller through a desert learns of an oasis (pīti) then drinks and bathes at the oasis (sukha) (Path of Purification p. 139).,,Rapture,Happiness,Similes,,,,,,,,,,,,
4,Question,,1:42:00,,I'm glad that people have questions and people are reflecting on their experience of what the practice is. It's very heartening to see.,,Questions,Appropriate attention,Empathetic joy,,,,,,,,,,,,
5,,,0:00,7:17,"In the palm reader story, you mentioned that Ajahn Chah still had a lot of anger, but he chose not to act from it. So does this mean that if there was a troublesome monk, Ajahn Chah would still experience a flare of anger but have the wisdom to set it aside and consider what to do with a cool head? This sounds similar to something Ram Das said about his practice....",,Ajahn Chah,Aversion,Discernment,Ram Dass,Personality,Kamma,,,,,,,,Aversion,200
5,Extra tags,,,,,,Unwholesome Roots,,,,,,,,,,,,,,
5,Story,,,,Ajahn Jayasaro is massaging Ajahn Chah's feet when a monk undergoing a disciplinary procedure walks by.,,Ajahn Chah,Ajahn Jayasaro,Vinaya,Aversion,Fierce/direct teaching,Emotion,,,,,,,,,
5,Story,,,,Ajahn Pasanno observes Ajahn Mahā Boowa's fierce behaivor.,,Ajahn Mahā Boowa,Arahant,Fierce/direct teaching,Ajahn Pasanno,Rapture,Goodwill,,,,,,,,,
5,Quote,,,,"You never quite knew...you were always very careful around [Ajahn Chah] because you never knew which side was going to come out. It wasn't as if he was just playing with you, but he always responded to the situation or the person.",,Ajahn Chah,Heedlessness,Fierce/direct teaching,Personal presence,Teaching Dhamma,,,,,,,,,,
5,,,7:30,10:33,Would you explain the duties adult children have towards ageing parents and the duties of parents towards their children as taught by the Buddha?,,Family,Parents,Ageing,Children,Health care,Culture/Asia,,,,,,,,Parents,100
5,Extra tags,,,,,,,,,,,,,,,,,,,Children,110
5,Sutta,,,,AN 2.33: The greatest gifts to one's parents.,,Virtue,Generosity,Right View,,,,,,,,,,,,
5,,,11:00,16:00,"Reflecting on your 35 years in robes, do you have any strong lessons that stand out?",,Ajahn Pasanno,,Monastic life,Long-term practice,Patience,Ajahn Chah,Virtue,Meditation retreats,,,,,,Patience,100
5,Extra tags,,,,,,Discernment,,,,,,,,,,,,,,
5,Quote,,,,Oftentimes we don't really recognize the goodness that we're doing.,,Virtue,Perfectionism,Judgementalism,Patience,,,,,,,,,,,
5,Quote,,,,Patience isn't just enduring. It's being able to be present with experience.,,Patience,Direct experience,Present moment awareness,,,,,,,,,,,,
5,,,16:04,18:59,Is it hopeless to send loving-kindness to Mara?,,Goodwill,Māra,,,Craving,Suffering,Kamma,,,,,,,,
5,,,19:19,22:34,"When you guided meditation in the past two afternoons, I've enjoyed slipping past the high energy of rapture/joy. I found these meditations grounding and at the same time streaming with energy. I'm finding it difficult to get past joy without your vocal guidance. Can you offer suggestions?",,Rapture,Energy,Right Concentration,,Mindfulness of body,Mindfulness of breathing,,,,,,,,,
5,,,22:53,28:07,"What are the characteristics of personality? Are they conditioned by kamma and our family, culture, and nationality? How do I learn not to take mine as truth and real?",,Personality,Conditionality,Kamma,Family,Suffering,Characteristics of existence,Humor,,,,,,,Personality,70
5,Extra tags,,,,,,Cultural context,Self-identity view,,,,,,,,,,,,,
5,Fragment,r,2:28.5,3:28,,,,,,,,,,,,,,,,,
5,Recollection,,,,Ajahn Chah tended to translate anicca as uncertain or not sure.,,Ajahn Chah,Impermanence,Translation,Proliferation,Direct experience,,,,,,,,,Impermanence,85
5,,,28:36,31:46,"Just to clarify – when doing loving-kindness practice, is any phrase OK to repeat? They can be said as a chant, right? At any speed? Is any chant best for achieving concentration?",,Goodwill,Meditation/Techniques,Chanting,Concentration,Nature of mind,,,,,,,,,,
5,Quote,,,,What is really important is not so much the phrases or the methodology but the feeling that is established within the heart of lovingkindness.,,Goodwill,Meditation/Techniques,Emotion,,,,,,,,,,,,
5,Simile,,,,A tradesman with only one tool.,,Similes,Meditation/Techniques,,,,,,,,,,,,,
5,,,31:49,33:45,Sometimes when I get concentrated I have spontaneous body and/or facial movements both gross and subtle. Any comments?,,Concentration,Meditation/Unusual experiences,,,Mindfulness of body,Goodwill,,,,,,,,Meditation/Unusual experiences,100
5,,,33:55,37:38,Is gladness the same as thankfulness?,,Empathetic joy,Gratitude,,,Translation,Divine Abidings,,,,,,,,,
5,Sutta,,,,AN 6.10 Mahānāma,,Recollection/Dhamma,Gladdening the mind,,,,,,,,,,,,,
5,,,37:43,39:10,What does Pasanno mean?,,Ajahn Pasanno,Translation,,,Faith,,,,,,,,,,
5,Story,,,,Why Ajahn Pasanno's name is mispronounced.,,Ajahn Pasanno,Wat Pah Nanachat,,,,,,,,,,,,,
5,,,39:10,39:39,Can I give a metta hug to the cute little Ajahn?,,Goodwill,Ajahn Pasanno,,,,,,,,,,,,,
5,,,39:47,43:18,The near enemy to equanimity is aloofness. Can you offer clues on how to differentiate between these in oneself?,,Equanimity,Discernment,,,Skillful qualities,Unskillful qualities,Aversion,Present moment awareness,,,,,,Equanimity,130
5,Quote,,,,Tuning into kusala/akusala sorts things out really quickly.,,Skillful qualities,Unskillful qualities,Discernment,,,,,,,,,,,,
5,Sutta,,,,AN 3.65: Kālāma Sutta,,,,,,,,,,,,,,,,
5,,,43:42,51:09,"In your opinion, why do you think Mogallana is portrayed in the scriptures as mostly an idiot/unwise and Sariputta is portrayed as wise?",,Tipiṭaka,Great disciples,,,Psychic powers,Saṅgha,Conflict,Mahāyāna,Personality,,,,,,
5,Quote,,,,"But Ānanda, since when has Anuruddha been involved in disciplinary issues in the midst of the Saṅgha?|AN 4.243",,Great disciples,Saṅgha,Vinaya,Conflict,,,,,,,,,,,
5,Story,,,,Moggallāna sees a yakkha clobber Sāriputta. Ud 4.4,,Great disciples,Non-human beings,Psychic powers,,,,,,,,,,,,
5,,,51:18,57:38,"What are the primary distinctions between Theravada, Mahayana, and Vajrayana?",,Theravāda,Mahāyāna,Vajrayāna,Spiritual traditions,Dalai Lama,Chanting,Pāli,History/Mahāyāna Buddhism,Bodhisattva,Ceremony/ritual,History/Thai Buddhism,,,Spiritual traditions,100
5,,,57:46,1:00:04,How many people are currently on the Abhayagiri monastic waiting list? How long do they usually wait?,,Abhayagiri,,,,Sequence of training,,,,,,,,,,
5,,,1:00:12,1:05:06,What could American culture learn from Thai culture?,,Culture/West,Culture/Thailand,,,P. A. Payutto,Ajahn Pasanno,Cultural context,,,,,,,Culture/Thailand,140
5,Quote,,,,_Mai bpen rai_.,,Culture/Thailand,,,,,,,,,,,,,,
5,Quote,,,,"'If there was a culture that was steeped in Buddhism, that would really solve all the problems of the world.' No it wouldn't. There are still human beings there. They'll create suffering wherever they go.",,Cultural context,Politics and society,Human,Suffering,,,,,,,,,,,