Modified:,2025,,,,,,,,,,
Abbreviation,Title,Author1,Author2,Attribution,PDF page offset,Year,Commentary?,Filename,Remote URL,Other URL,
Stillness Flowing,_Stillness Flowing_,AJaya,,by Ajahn Jayasaro,22,2018,,stillness-flowing - 2018-08-31.pdf,https://www.abhayagiri.org/media/books/stillness-flowing%20-%202018-08-31.pdf,https://www.abhayagiri.org/books/617-stillness-flowing,TRUE
Collected Teachings,_Collected Teachings of [Ajahn Chah](../teachers/ajahn-chah.html)_,AChah,,,38,2010,,Chah_The_Collected_Teachings_of_Ajahn_Chah.pdf,https://www.abhayagiri.org/media/books/Chah_The_Collected_Teachings_of_Ajahn_Chah.pdf,https://www.abhayagiri.org/books/499-the-collected-teachings-of-ajahn-chah-hardcover,
Chanting Book,_Amaravati Chanting Book_,AmSangha,,,9,2015,,Chanting-Book-Vol-1-Web.pdf,https://www.abhayagiri.org/media/books/Chanting-Book-Vol-1-Web.pdf,https://www.abhayagiri.org/books/632-chanting-book-volume-1-morning-and-evening-chanting-and-reflections,
Chanting Book V2,_Amaravati Chanting Book Volume 2_,AmSangha,,,9,2015,,Chanting-Book-Vol-2-Web.pdf,https://www.abhayagiri.org/media/books/Chanting-Book-Vol-2-Web.pdf,https://www.abhayagiri.org/books/633-chanting-book-volume-2-suttas-parittas-and-funeral-chanting,
BMC 1,_Buddhist Monastic Code Vol. 1_,AThan,,,1,2013,,BMC1&2_220701.pdf,https://www.dhammatalks.org/Archive/Writings/Ebooks/BMC1&2_220701.pdf,https://www.dhammatalks.org/vinaya/bmc/,
BMC 2,_Buddhist Monastic Code Vol. 2_,AThan,,,1,2013,,BMC1&2_220701.pdf,https://www.dhammatalks.org/Archive/Writings/Ebooks/BMC1&2_220701.pdf,https://www.dhammatalks.org/vinaya/bmc/,
Ajahn Mun Biography,_Venerable Ācariya Mun Bhūridatta Thera: A Spiritual Biography_,AMahaB,,by Ajahn Mahā Boowa,24,2010,,maha_boowa_acariya_mun_a_spiritual_biography.pdf,https://www.abhayagiri.org/media/books/maha_boowa_acariya_mun_a_spiritual_biography.pdf,https://www.abhayagiri.org/books/490-acariya-mun-bhuridatta-thera,
Ajahn Lee Biography,_The Autobiography of Phra Ajahn Lee_,ALee,,translated by Ajahn Ṭhānissaro,0,2014,,lee_autobiography_of_phra_ajaan_lee.pdf,https://www.abhayagiri.org/media/books/lee_autobiography_of_phra_ajaan_lee.pdf,https://www.abhayagiri.org/books/503-the-autobiography-of-phra-ajaan-lee,
Path of Purification,_Path of Purification_,Nyanamoli,,by Bhikkhu Ñāṇamoli,58,500,Yes,PathofPurification2011.pdf,https://www.accesstoinsight.org/lib/authors/nanamoli/PathofPurification2011.pdf,,
Samana,_Samaṇa_,AMahaB,,by Ajahn Mahā Boowa,1,2011,,maha_boowa_samana.pdf,https://www.abhayagiri.org/media/books/maha_boowa_samana.pdf,https://www.abhayagiri.org/books/491-samaa,
A Heart Released,_A Heart Released_,AMun,,by Ajahn Mun,0,2016,,AHeartReleased_181215.pdf,https://www.dhammatalks.org/Archive/Writings/Ebooks/AHeartReleased_181215.pdf,https://www.dhammatalks.org/books/HeartReleased/,
An Unentangled Knowing,_An Unentangled Knowing_,UKee,,by Upasikā Kee Nanayon,0,1995,,AnUnentangledKnowing_181215.pdf,https://www.dhammatalks.org/Archive/Writings/Ebooks/AnUnentangledKnowing_181215.pdf,https://www.dhammatalks.org/books/UnentangledKnowing/,
Santi,_Santi – Peace Beyond Delusion_,ALiem,,by Ajahn Liem,1,2013,,Santi - Luang Por Liem.pdf,https://www.abhayagiri.org/media/books/Santi%20-%20Luang%20Por%20Liem.pdf,https://www.abhayagiri.org/reflections/247-santi,
Buddhist Economics,_Buddhist Economics: A Middle Way for the Market Place_,Payutto,,by P. A. Payutto,0,1992,,Buddhist_Economics.pdf,https://www.urbandharma.org/pdf/Buddhist_Economics.pdf,,
Constitution for Living,_A Constitution for Living_,Payutto,,by P. A. Payutto,9,1998,,bp620s_Payutto_A-Constitution-For-Living.pdf,https://www.bps.lk/olib/bp/bp620s_Payutto_A-Constitution-For-Living.pdf,,
Chithurst Story,_The Chithurst Story_,GSharp,,by George Sharp,1,2018,,The-Chithurst-Story.pdf,https://cdn.amaravati.org/wp-content/uploads/2020/01/10/The-Chithurst-Story.pdf,https://media.amaravati.org/en/dhamma-books/the-chithurst-story,
Book of Discipline,_The Book of Discipline_,IBHorner,,by I. B. Horner,6,1966,,Book_of_the_Discipline.pdf,,,
Book of Protection,_The Book of Protection_,Piyadasi,,by Piyadasi Thera,7,2011,,Piyadassi_Book-of-Protection.pdf,,,
Mae Chee Kaew,_Mae Chee Kaew: Her Journey to Spiritual Awakening and Enlightenment_,ASilaratano,,by Ajahn Dick Sīlaratano,1,2009,,silaratano_mae_chee_kaew.pdf,https://www.abhayagiri.org/media/books/silaratano_mae_chee_kaew.pdf,https://www.abhayagiri.org/books/502-mae-chee-kaew,
Simple Terms,_In Simple Terms_,AChah,,by Ajahn Chah,0,2013,,InSimpleTerms_181215.pdf,https://www.dhammatalks.org/Archive/Writings/Ebooks/InSimpleTerms_181215.pdf,https://www.dhammatalks.org/books/InSimpleTerms/,
The Island,_The Island_,AP,AA,by Ajahn Pasanno and Ajahn Amaro,-1,2020,,The-Island-Web-2020 ed..pdf,https://www.abhayagiri.org/media/books/The-Island-Web-2020%20ed..pdf,https://www.abhayagiri.org/books/451-the-island-an-anthology-of-the-buddhas-teachings-on-nibbana,
draft biography,draft biography,AJaya,,,,1996,,../pages/about/DraftBiography.html,,,
Body Contemplation,_Body Contemplation: A Study Guide_,AThan,,by Ajahn Ṭhānissaro,,2003,,bodymind.html,https://www.accesstoinsight.org/lib/study/bodymind.html,,
Abhayagiri Chanting Book,_Abhayagiri Chanting Book_,AbhSangha,,,0,2010,,abhayagiri_monastic_foundation_chanting_book_revision_2010.pdf,https://www.abhayagiri.org/media/books/abhayagiri_monastic_foundation_chanting_book_revision_2010.pdf,https://www.abhayagiri.org/books/424-abhayagiri-chanting-book,
Meditation: A Way of Awakening,_Meditation: A Way of Awakening_,ASucitto,,by Ajahn Sucitto,9,2011,,sucitto_meditation_a_way_of_awakening.pdf,https://www.abhayagiri.org/media/books/sucitto_meditation_a_way_of_awakening.pdf,https://www.abhayagiri.org/books/459-meditation-a-way-of-awakening,
Knowing and Seeing,_Knowing and Seeing_,PaAuk,,by Pa Auk Sayadaw,14,2010,,Pa_Auk_Sayadaw_Knowing_and_Seeing_4th_Ed_2010.pdf,https://www.abhayagiri.org/media/discs/2015WinterRetreat/Sources/Pa_Auk_Sayadaw_Knowing_and_Seeing_4th_Ed_2010.pdf,,
Right Mindfulness,_Right Mindfulness_,AThan,,by Ajahn Ṭhānissaro,1,2012,,right_mindfulness_210213.pdf,https://www.dhammatalks.org/Archive/Writings/Ebooks/right_mindfulness_210213.pdf,https://www.dhammatalks.org/books/RightMindfulness/,
Satipatthana,_Satipaṭṭhāna: The Direct Path to Realization_,Analayo,,by Venerable Analayo,14,2003,,Analayo_Satipatthana-The-Direct-Path-to-Realization.pdf,https://www.abhayagiri.org/media/discs/2015WinterRetreat/Sources/Analayo_Satipatthana-The-Direct-Path-to-Realization.pdf,,
Forest Desanas,_Forest Desanas_,AMahaB,,by Ajahn Mahā Boowa,,2012,,Maha_Boowa_Forest_Desanas.pdf,https://www.abhayagiri.org/media/discs/2015WinterRetreat/Sources/Maha_Boowa_Forest_Desanas.pdf,https://forestdhamma.org/books/english-books/,
Natural Character,_The Natural Character of Awakening_,CKUpali,,by Chao Khun Upāli,8,2012,,Upali_Natural_Character_of_Awakening.pdf,https://www.abhayagiri.org/media/discs/2015WinterRetreat/Sources/Upali_Natural_Character_of_Awakening.pdf,,
Rude Awakenings,_Rude Awakenings_,ASucitto,NScott,by Ajahn Sucitto and Nick Scott,17,2010,,sucitto_scott_rude_awakenings.pdf,https://www.abhayagiri.org/media/books/sucitto_scott_rude_awakenings.pdf,https://www.abhayagiri.org/books/460-rude-awakenings,
Great Patient One,_Great Patient One_,ASucitto,NScott,by Ajahn Sucitto and Nick Scott,,2010,,sucitto_scott_great_patient_one.pdf,https://www.abhayagiri.org/media/books/sucitto_scott_great_patient_one.pdf,https://www.abhayagiri.org/books/461-great-patient-one,
On Love,_On Love_,AJaya,,by Ajahn Jayasaro,,2010,,jayasaro_on_love.pdf,https://www.abhayagiri.org/media/books/jayasaro_on_love.pdf,https://www.abhayagiri.org/books/479-on-love,
Listening to the Heart,_Listening to the Heart_,Kittisaro,Thanissara,by Kittisaro and Ṭhānissarā,,,,,(commercial),,
Stillness of Being,_The Stillness of Being_,AVira,,by Ajahn Viradhammo,4,2005,,viradhammo_the_stillness_of_being.pdf,https://www.abhayagiri.org/media/books/viradhammo_the_stillness_of_being.pdf,https://www.abhayagiri.org/books/466-the-stillness-of-being,
Skill in Questions,_Skill in Questions_,AThan,,by Ajahn Ṭhānissaro,1,2010,,skillInQuestions_v210213.pdf,https://www.dhammatalks.org/Archive/Writings/Ebooks/skillInQuestions_v210213.pdf,https://www.dhammatalks.org/books/SkillInQuestions/,
Concept and Reality,_Concept and Reality in Early Buddhist Thought_,Nyanananda,,by Bhikkhu Ñāṇananda,0,1971,,concept_and_reality.pdf,https://patthana.net/wp-content/uploads/2014/12/concept_and_reality.pdf,,
No Worries,_No Worries_,ALiem,,by Ajahn Liem,,2005,,liem_no_worries.pdf,https://www.abhayagiri.org/media/books/liem_no_worries.pdf,https://www.abhayagiri.org/books/436-no-worries,
Mind and Way,_The Mind and the Way_,ASumedho,,by Ajahn Sumedho,,1995,,,(commercial),,
Breath in Mind,_Keeping the Breath in Mind and Lessons in Samādhi_,ALee,,by Ajahn Lee Dhammadharo,0,1979,,Keeping the Breath In Mind - Ajaan Lee Dhammadharo.pdf,https://www.abhayagiri.org/media/discs/APasannoRetreats/2014%20Thai%20Forest%20Tradition/Texts/Keeping%20the%20Breath%20In%20Mind%20-%20Ajaan%20Lee%20Dhammadharo.pdf,https://www.dhammatalks.org/books/KeepingTheBreath/,
Straight from the Heart,_Straight from the Heart_,AMahaB,,by Ajahn Mahā Boowa,0,1987,,Straight from the Heart - Ajahn Maha Boowa.pdf,https://www.abhayagiri.org/media/discs/APasannoRetreats/2014%20Thai%20Forest%20Tradition/Texts/Straight%20from%20the%20Heart%20-%20Ajahn%20Maha%20Boowa.pdf,https://forestdhamma.org/books/english-books/,
Arahattamagga Arahattaphala,_Arahattamagga Arahattaphala_,AMahaB,,by Ajahn Mahā Boowa,1,2005,,Arahattamagga Arahattaphala - Ajahn Maha Boowa.pdf,https://www.abhayagiri.org/media/discs/APasannoRetreats/2014%20Thai%20Forest%20Tradition/Texts/Arahattamagga%20Arahattaphala%20-%20Ajahn%20Maha%20Boowa.pdf,,
Khandhavimutti and Samangidhamma,_Khandhavimutti and Samangidhamma_,AMun,,"by Ajahn Mun, translated by Ajahn Paññavaḍḍho",-24,2004,,Khandhavimutti and Samangidhamma.pdf,https://www.abhayagiri.org/media/discs/APasannoRetreats/2014%20Thai%20Forest%20Tradition/Texts/Khandhavimutti%20and%20Samangidhamma.pdf,,
Verses of Liberation,_Verses of Liberation_,AMun,,"by Ajahn Mun, translated by Bhikkhu Khemasanto",4,1999,,Verses_of_Liberation - Ajahn Mun.pdf,https://www.abhayagiri.org/media/discs/APasannoRetreats/2014%20Thai%20Forest%20Tradition/Texts/Verses_of_Liberation%20-%20Ajahn%20Mun.pdf,,
Gifts He Left Behind,_Gifts He Left Behind_,ADune,,by Ajahn Dune,14,2007,,Gifts He Left Behind - Ajaan Dune.pdf,https://www.abhayagiri.org/media/discs/APasannoRetreats/2014%20Thai%20Forest%20Tradition/Texts/Gifts%20He%20Left%20Behind%20-%20Ajaan%20Dune.pdf,https://www.dhammatalks.org/books/GiftsHeLeftBehind/,
Being Dharma,_Being Dharma_,AChah,,by Ajahn Chah,,2001,,,(commercial),,
Still Flowing Water,"_Still, Flowing Water_",AChah,,by Ajahn Chah,0,2013,,StillFlowingWater_181215.pdf,https://www.dhammatalks.org/Archive/Writings/Ebooks/StillFlowingWater_181215.pdf,https://www.dhammatalks.org/books/StillFlowingWater/,
Mindfulness of Death,_Mindfulness of Death_,APlien,,by Ajahn Plien,2,,,Mindfulness of Death - Ajahn Plien.pdf,https://www.abhayagiri.org/media/discs/APasannoRetreats/2014%20Thai%20Forest%20Tradition/Texts/Mindfulness%20of%20Death%20-%20Ajahn%20Plien.pdf,,
Ways of the Peaceful,_The Ways of the Peaceful_,ALiem,,by Ajahn Liem,0,2007,,liem_the_ways_of_the_peaceful.pdf,https://www.abhayagiri.org/media/books/liem_the_ways_of_the_peaceful.pdf,https://www.abhayagiri.org/books/437-the-ways-of-the-peaceful,
Venerable Father,_Venerable Father_,PBreiter,,by Paul Breiter,,1994,,,(commercial),,
One Monk,"_One Monk, Many Masters_",PBreiter,,by Paul Breiter,,2012,,,(commercial),,
Skill of Release,_The Skill of Release_,ALee,,by Ajahn Lee Dhammadharo,0,1995,,TheSkillofRelease_181215.pdf,https://www.dhammatalks.org/Archive/Writings/Ebooks/TheSkillofRelease_181215.pdf,https://www.dhammatalks.org/books/SkillOfRelease/,
Practical Dependent Origination,_Paticcasamuppāda: Practical Dependent Origination_,ABuddhadasa,,by Ajahn Buddhadāsa,11,2020,,Buddhadasa-Paticcasamuppada-20200319.pdf,https://www.suanmokkh.org/system/books/files/000/000/126/original/Buddhadasa-Paticcasamuppada-20200319.pdf,https://www.suanmokkh.org/books/126,
Key to Natural Truth,_Key to Natural Truth_,ABuddhadasa,,by Ajahn Buddhadāsa,,1988,,Bhikkhu Buddhadasa - Keys to Natural Truth.htm,https://www.abhayagiri.org/media/discs/APasannoRetreats/2014%20Thai%20Forest%20Tradition/Texts/Bhikkhu%20Buddhadasa%20-%20Keys%20to%20Natural%20Truth.htm,,
Fistful of Sand,_Fistful of Sand & The Light of Discernment_,ASuwat,,by Ajahn Suwat,0,2011,,Fistful of Sand & Light of Discernment - Ajaan Suwat.pdf,https://www.abhayagiri.org/media/discs/APasannoRetreats/2014%20Thai%20Forest%20Tradition/Texts/Fistful%20of%20Sand%20&%20Light%20of%20Discernment%20-%20Ajaan%20Suwat.pdf,https://www.dhammatalks.org/books/FistfulOfSand/,
Seeking Buddho,_Seeking Buddho_,AAnan,,by Ajahn Anan,7,2016,,Seeking Budho -Ajahn Anan.pdf,https://www.abhayagiri.org/media/discs/APasannoRetreats/2014%20Thai%20Forest%20Tradition/Texts/Seeking%20Budho%20-Ajahn%20Anan.pdf,,
Customs of the Noble Ones,“The Customs of the Noble Ones”,AThan,,by Ajahn Ṭhānissaro,,1999,,The Customs of the Noble Ones - Thanissaro Bhikkhu.htm,https://www.abhayagiri.org/media/discs/APasannoRetreats/2014%20Thai%20Forest%20Tradition/Texts/The%20Customs%20of%20the%20Noble%20Ones%20-%20Thanissaro%20Bhikkhu.htm,,
Sotapattimagga,_Sotāpattimagga_,AAnan,,by Ajahn Anan,9,2008,,Sotapattimagga - Ajahn Anan.pdf,https://www.abhayagiri.org/media/discs/APasannoRetreats/2014%20Thai%20Forest%20Tradition/Texts/Sotapattimagga%20-%20Ajahn%20Anan.pdf,,
Paying Our Last Respects,_Paying Our Last Respects_,AMahaB,,in Commemoration of Ajahn Mahā Boowa,2,2012,,Paying Our Last Respects.pdf,https://www.abhayagiri.org/media/discs/APasannoRetreats/2014%20Thai%20Forest%20Tradition/Texts/Paying%20Our%20Last%20Respects.pdf,,
Simply So,_Simply So_,ASim,,by Ajahn Sim,,1995,,Simply So - Ajahn Sim.htm,https://www.abhayagiri.org/media/discs/APasannoRetreats/2014%20Thai%20Forest%20Tradition/Texts/Simply%20So%20-%20Ajahn%20Sim.htm,,
Twigs and Branches,_Twigs and Branches of the Bodhinyana_,AJundee,,,,2012,,../pages/about/TwigsAndBranches.html,,,
Krooba Ajahn,_Krooba Ajahn_,AChandako,,,,,,../pages/about/KroobaAjahn.html,,,
Living Dhamma,_Living Dhamma_,AChah,,by Ajahn Chah,3,2007,,chah_living_dhamma.pdf,https://www.abhayagiri.org/media/books/chah_living_dhamma.pdf,https://www.abhayagiri.org/books/495-living-dhamma,
Parami,_Parami: Ways to Cross Life's Floods_,ASucitto,,by Ajahn Sucitto,9,2012,,sucitto_parami.pdf,https://www.abhayagiri.org/media/books/sucitto_parami.pdf,https://www.abhayagiri.org/books/519-parami,
Word of the Buddha,_Word of the Buddha_,Nyanatiloka,,by Venerable Ñāṇatiloka,10,1981,,bp201s_Nyanatiloka_life-Of-The-Buddha.pdf,https://www.bps.lk/olib/bp/bp201s_Nyanatiloka_life-Of-The-Buddha.pdf,,
Noble Eightfold Path,_Noble Eightfold Path: The Way to End Suffering_,BBodhi,,by Bhikkhu Bodhi,,1999,,waytoend.html,https://www.accesstoinsight.org/lib/authors/bodhi/waytoend.html,,
Buddhas Words,_In the Buddha's Words_,BBodhi,,by Bhikkhu Bodhi,,2005,,,(commercial),,
Buddhadhamma,_Buddhadhamma_,Payutto,,by P. A. Payutto,,2021,,,(available at [buddhadhamma.github.io](https://buddhadhamma.github.io/)),https://buddhadhamma.github.io/,
Path to Freedom,_Path to Freedom_,Nyanatusita,,translated by Bhikkhu Ñāṇatusita,,600,Yes,The-Path-to-Freedom.pdf,https://www.buddhism.hku.hk/wp-content/uploads/The-Path-to-Freedom.pdf,https://www.buddhism.hku.hk/publication-post/the-path-to-freedom-vimuttimagga/,
Bhikkhu Manual,_Bhikkhu Manual_,AmSangha,,,22,2020,,Bhikkhu-Manual-Reference.pdf,https://bhikkhu-manual.github.io/includes/docs/Bhikkhu-Manual-Reference.pdf,https://bhikkhu-manual.github.io/,
Gratitude,_Gratitude_,ACSangha,,by Ajahn Chah Saṅgha,0,2010,,Gratitude.pdf,https://www.abhayagiri.org/media/books/Gratitude.pdf,https://www.abhayagiri.org/books/567-gratitude,
"Abundant, Exalted, Immeasurable","_Abundant, Exalted, Immeasurable_",AP,,by Ajahn Pasanno,,2016,,Abundant_Exalted_Immeasurable_web.pdf,https://www.abhayagiri.org/media/books/Abundant_Exalted_Immeasurable_web.pdf,https://www.abhayagiri.org/books/584-abundant-exalted-immeasurable,
Don't Hold Back,_Don't Hold Back_,AP,,by Ajahn Pasanno,8,2013,,pasanno_dont_hold_back.pdf,https://www.abhayagiri.org/media/books/pasanno_dont_hold_back.pdf,https://www.abhayagiri.org/books/531-dont-hold-back,
Anthology V1,_The Anthology Vol. 1_,ASumedho,,by Ajahn Sumedho,17,2014,,Ajahn Sumedho Volume 1 - Peace is a Simple Step.pdf,https://www.abhayagiri.org/media/books/Ajahn%20Sumedho%20Volume%201%20-%20Peace%20is%20a%20Simple%20Step.pdf,https://www.abhayagiri.org/books/551-ajahn-sumedho-anthology-volume-1-peace-is-a-simple-step,
Anthology V2,_The Anthology Vol. 2_,ASumedho,,by Ajahn Sumedho,,2014,,,https://www.abhayagiri.org/books/552-ajahn-sumedho-anthology-volume-2-seeds-of-understanding,https://www.abhayagiri.org/books/552-ajahn-sumedho-anthology-volume-2-seeds-of-understanding,
Anthology V3,_The Anthology Vol. 3_,ASumedho,,by Ajahn Sumedho,17,2014,,Ajahn Sumedho Volume 3 - Direct Realization.pdf,https://www.abhayagiri.org/media/books/Ajahn%20Sumedho%20Volume%203%20-%20Direct%20Realization.pdf,https://www.abhayagiri.org/books/553-ajahn-sumedho-anthology-volume-3-direct-realization,
Anthology V5,_The Anthology Vol. 5_,ASumedho,,by Ajahn Sumedho,15,2014,,Ajahn Sumedho Volume 5 - The Wheel of Truth.pdf,https://www.abhayagiri.org/media/books/Ajahn%20Sumedho%20Volume%205%20-%20The%20Wheel%20of%20Truth.pdf,https://www.abhayagiri.org/books/555-ajahn-sumedho-anthology-volume-5-the-wheel-of-truth,
Walking Meditation,_Walking Meditation_,ANyanadhammo,,by Ajahn Ñāṇadhammo,,2003,,nyanadhammo_walking_meditation.pdf,https://www.abhayagiri.org/media/books/nyanadhammo_walking_meditation.pdf,https://www.abhayagiri.org/books/447-walking-meditation,
Uncommon Wisdom,_Uncommon Wisdom: The Life and Teachings of Ajahn Paññāvaḍḍho_,ASilaratano,,by Ajahn Dick Sīlaratano,12,2014,,Uncommon_Wisdom.pdf,https://forestdhamma.org/ebooks/english/pdf/Uncommon_Wisdom.pdf,,
Beginning Our Day V1,_Beginning Our Day Vol. 1_,AbhSangha,,by the Abhayagiri Saṅgha,19,2015,,Web_Beginning_Our_Day_Volume_1.pdf,https://www.abhayagiri.org/media/books/Web_Beginning_Our_Day_Volume_1.pdf,https://www.abhayagiri.org/books/545-beginning-our-day-volume-one,
Beginning Our Day V2,_Beginning Our Day Vol. 2_,AbhSangha,,by the Abhayagiri Saṅgha,19,2015,,Web_Beginning_Our_Day_Volume_2.pdf,https://www.abhayagiri.org/media/books/Web_Beginning_Our_Day_Volume_2.pdf,https://www.abhayagiri.org/books/546-beginning-our-day-volume-two,
Meditations V1,_Meditations Vol. 1_,AThan,,by Ajahn Ṭhānissaro,0,2003,,Meditations1_181215.pdf,https://www.dhammatalks.org/Archive/Writings/Ebooks/Meditations1_181215.pdf,https://www.dhammatalks.org/books/Meditations1/,
Meditations V4,_Meditations Vol. 4_,AThan,,by Ajahn Ṭhānissaro,0,2008,,Meditations4_181215.pdf,https://www.dhammatalks.org/Archive/Writings/Ebooks/Meditations4_181215.pdf,https://www.dhammatalks.org/books/Meditations4/,
Meditations V5,_Meditations Vol. 5_,AThan,,by Ajahn Ṭhānissaro,1,2010,,meditations5_v210213.pdf,https://www.dhammatalks.org/Archive/Writings/Ebooks/meditations5_v210213.pdf,https://www.dhammatalks.org/books/Meditations5/,
Meditations V6,_Meditations Vol. 6_,AThan,,by Ajahn Ṭhānissaro,0,2014,,Meditations6_181215.pdf,https://www.dhammatalks.org/Archive/Writings/Ebooks/Meditations6_181215.pdf,https://www.dhammatalks.org/books/Meditations6/,
Kamma 1st Ed,"_Kamma and the End of Kamma, First Edition_",ASucitto,,by Ajahn Sucitto,20,2009,,KammaAndTheEndOfKamma1stEd.pdf,,,
Kamma and the End of Kamma,_Kamma and the End of Kamma_,ASucitto,,by Ajahn Sucitto,,2020,,Kamma-and-the-End-of-Kamma-Ajahn-Sucitto-2021.pdf,https://www.abhayagiri.org/media/books/Kamma-and-the-End-of-Kamma-Ajahn-Sucitto-2021.pdf,https://www.abhayagiri.org/books/458-kamma-and-the-end-of-kamma,
Friends on the Path,_Friends on the Path_,ASundara,ACandasiri,by Ajahn Sundarā and Ajahn Candasirī,2,2011,,sundara_candasiri_friends_on_the_path.pdf,https://www.abhayagiri.org/media/books/sundara_candasiri_friends_on_the_path.pdf,https://www.abhayagiri.org/books/455-friends-on-the-path,
Forest Path,_Forest Path_,WPNSangha,,by the Wat Pah Nanachat Saṅgha,14,2013,,forestpdf.pdf,https://www.abhayagiri.org/media/books/forestpdf.pdf,https://www.abhayagiri.org/books/473-forest-path,
Don't Take Your Life Personally,_Don't Take Your Life Personally_,ASumedho,,by Ajahn Sumedho,,2010,,,(commercial),,
The Real Practice,_The Real Practice_,AJaya,,by Ajahn Jayasaro,0,2008,,jayasaro_the_real_practice.pdf,https://www.abhayagiri.org/media/books/jayasaro_the_real_practice.pdf,https://www.abhayagiri.org/books/431-the-real-practice,
Head and Heart Together,_Head and Heart Together_,AThan,,by Ajahn Ṭhānissaro,1,2016,,HeadHeartTogether200826.pdf,https://www.dhammatalks.org/Archive/Writings/Ebooks/HeadHeartTogether200826.pdf,https://www.dhammatalks.org/books/Head&HeartTogether/,
Seeing the Way V2,_Seeing the Way Vol. 2_,ACSangha,,by Ajahn Chah Saṅgha,21,2011,,western_sangha_seeing_the_way_volume_two.pdf,https://www.abhayagiri.org/media/books/western_sangha_seeing_the_way_volume_two.pdf,https://www.abhayagiri.org/books/474-seeing-the-way-volume-two,
Path to the Deathless,_Mindfulness: The Path to the Deathless_,ASumedho,,by Ajahn Sumedho,0,1994,,sumedho_mindfulness_the_path_to_the_deathless.pdf,https://www.abhayagiri.org/media/books/sumedho_mindfulness_the_path_to_the_deathless.pdf,https://www.abhayagiri.org/books/483-mindfulness-the-path-to-the-deathless,
Feed the Mice,_Who Will Feed the Mice?_,AA,,by Ajahn Amaro,,2004,,amaro_who_will_feed_the_mice.pdf,https://www.abhayagiri.org/media/books/amaro_who_will_feed_the_mice.pdf,https://www.abhayagiri.org/books/420-who-will-feed-the-mice,
We Are All Translators,_We Are All Translators_,AMunindo,,by Ajahn Munindo,,2021,,we-are-all-translators-2021-08-11.pdf,,,
No Ajahn Chah,_No Ajahn Chah_,AChah,,by Ajahn Chah,7,1994,,chah_no_ajahn_chah.pdf,https://www.abhayagiri.org/media/books/chah_no_ajahn_chah.pdf,,
Recollections of Ajahn Chah,_Recollections of Ajahn Chah_,ACSangha,,,6,2013,,Recollections_of_Ajahn_Chah_-_Various_Authors.pdf,https://media.amaravati.org/en/dhamma-books/recollections-of-ajahn-chah/dl/pdf,https://media.amaravati.org/en/dhamma-books/recollections-of-ajahn-chah,
Four Noble Truths,_The Four Noble Truths_,ASumedho,,by Ajahn Sumedho,0,1992,,sumedho_the_four_noble_truths.pdf,https://www.abhayagiri.org/media/books/sumedho_the_four_noble_truths.pdf,https://www.abhayagiri.org/books/464-the-four-noble-truths,
Inner Listening,_Inner Listening_,AA,,by Ajahn Amaro,0,2012,,Inner_Listening_-_Ajahn_Amaro.pdf,https://www.abhayagiri.org/media/books/Inner_Listening_-_Ajahn_Amaro.pdf,https://www.abhayagiri.org/books/559-inner-listening,
Karma of Questions,_The Karma of Questions_,AThan,,by Ajahn Ṭhānissaro,1,2016,,KarmaOfQuestions210213.pdf,https://www.dhammatalks.org/Archive/Writings/Ebooks/KarmaOfQuestions210213.pdf,https://www.dhammatalks.org/books/KarmaOfQuestions/,
Unexpected Freedom,_Unexpected Freedom_,AMunindo,,by Ajahn Munindo,12,2005,,munindo_unexpected_freedom.pdf,https://www.abhayagiri.org/media/books/munindo_unexpected_freedom.pdf,,
Paradox of Becoming,_The Paradox of Becoming_,AThan,,by Ajahn Ṭhānissaro,0,2012,,TheParadoxofBecoming_181215.pdf,https://www.dhammatalks.org/Archive/Writings/Ebooks/TheParadoxofBecoming_181215.pdf,https://www.dhammatalks.org/books/ParadoxOfBecoming/,
Nibbana for Everyone,_Nibbāna for Everyone_,ABuddhadasa,,by Ajahn Buddhadāsa,6,1996,,Buddhadasa-Nibbana-for-everyone.pdf,https://www.suanmokkh.org/system/books/files/000/000/084/original/Buddhadasa-Nibbana-for-everyone.pdf,https://www.suanmokkh.org/books/84,
Mind Like Fire Unbound,_The Mind Like Fire Unbound_,AThan,,by Ajahn Ṭhānissaro,0,2010,,TheMindLikeFireUnbound_181215.pdf,https://www.dhammatalks.org/Archive/Writings/Ebooks/TheMindLikeFireUnbound_181215.pdf,https://www.dhammatalks.org/books/MindLikeFire/,
Wings to Awakening,_The Wings to Awakening_,AThan,,by Ajahn Ṭhānissaro,1,2010,,wings210213.pdf,https://www.dhammatalks.org/Archive/Writings/Ebooks/wings210213.pdf,https://www.dhammatalks.org/books/Wings/,
Pilgrim Kamanita,_The Pilgrim Kamanita_,KGjellerup,AA,by Karl Gjellerup and Ajahn Amaro,21,2017,,Pligrim_Kamanita_2017_web_reduced.pdf,https://media.amaravati.org/en/dhamma-books/the-pilgrim-kamanita/dl/pdf,https://media.amaravati.org/en/dhamma-books/the-pilgrim-kamanita,
Pali Proper Names,_The Dictionary of Pāli Proper Names_,,,by G P Malalasekera,,1900,Yes,,https://www.aimwell.org/DPPN/index.html,https://www.aimwell.org/DPPN/index.html,
Happily Ever After,_Happily Ever After_,AA,,by Ajahn Amaro,8,2024,,HEA-Anthology-Web.pdf,https://cdn.amaravati.org/wp-content/uploads/2024/10/07/HEA-Anthology-Web.pdf,https://media.amaravati.org/en/dhamma-books/happily-ever-after-the-anthology,
Selves and Not-self,_Selves & Not-self_,AThan,,by Ajahn Ṭhānissaro,,2011,,SelvesNot-self210518.pdf,https://www.dhammatalks.org/Archive/Writings/Ebooks/SelvesNot-self210518.pdf,https://www.dhammatalks.org/books/SelvesNot-self/,
Just One More,_Just One More_,AA,,by Ajahn Amaro,1,2016,,Just-One-More-Ajahn-Amaro.pdf,https://cdn.amaravati.org/wp-content/uploads/2016/04/29/Just-One-More-Ajahn-Amaro.pdf,https://media.amaravati.org/en/dhamma-books/just-one-more,
Time and Timelessness,_Time & Timelessness_,AmSangha,,by the Amaravati Saṅgha,,2024,,ABM40-TnT-eBook.pdf,https://cdn.amaravati.org/wp-content/uploads/2024/09/04/ABM40-TnT-eBook.pdf,https://media.amaravati.org/en/dhamma-books/time-and-timelessness,
Dhamma Verses Commentary,_Dhamma Verses Commentary_,,,translated by E. W. Burlingame and Ānandajoti Bhikkhu,9,1200,Yes,Dhamma-Verses-Comm.pdf,https://ancient-buddhist-texts.net/English-Texts/Dhamma-Verses-Comm/Dhamma-Verses-Comm.pdf,https://ancient-buddhist-texts.net/English-Texts/Dhamma-Verses-Comm/,
Noble Strategy,_Noble Strategy_,AThan,,by Ajahn Ṭhānissaro,1,2018,,NobleStrategy_200411.pdf,https://www.dhammatalks.org/Archive/Writings/Ebooks/NobleStrategy_200411.pdf,https://www.dhammatalks.org/books/NobleStrategy/,
Small Boat,"_Small Boat, Great Mountain_",AA,,by Ajahn Amaro,22,2003,,amaro_small_boat_great_mountain.pdf,https://www.abhayagiri.org/media/books/amaro_small_boat_great_mountain.pdf,https://www.abhayagiri.org/books/423-small-boat-great-mountain,
Working with the Five Hindrances,_Working with the Five Hindrances_,ATiradhammo,,by Ajahn Tiradhammo,1,2014,,Working with the Five Hindrances - Ajahn Thiradhammo.pdf,https://www.abhayagiri.org/media/books/Working%20with%20the%20Five%20Hindrances%20-%20Ajahn%20Thiradhammo.pdf,https://www.abhayagiri.org/books/566-working-with-the-five-hindrances,
Daughters and Sons,_Daughters and Sons_,AJaya,,by Ajahn Jayasaro,4,2011,,Daughters-Sons-Ajahn-Jayasaro.pdf,https://cdn.amaravati.org/wp-content/uploads/2014/09/Daughters-Sons-Ajahn-Jayasaro.pdf,https://media.amaravati.org/en/dhamma-books/daughters-and-sons,
Kalyana,_Kalyāṇa_,ASucitto,,by Ajahn Sucitto,4,2002,,sucitto_kalyana.pdf,https://www.abhayagiri.org/media/books/sucitto_kalyana.pdf,https://www.abhayagiri.org/books/457-kalyaa,
Every Breath,_With Each and Every Breath_,AThan,,by Ajahn Ṭhānissaro,1,2013,,WithEachAndEveryBreath_210603.pdf,https://www.dhammatalks.org/Archive/Writings/Ebooks/WithEachAndEveryBreath_210603.pdf,https://www.dhammatalks.org/books/WithEachAndEveryBreath/,
Thoon Autobiography,"_The Autobiography of Venerable Ācariya Thoon Khippapañño, Volume 1_",AThoon,,,17,2022,,The-Autobiography-of-Venerable-Acariya-Thoon-Khippapanno_V1_EN.pdf,https://luangporthoon.net/wp-content/uploads/2022/09/The-Autobiography-of-Venerable-Acariya-Thoon-Khippapanno_V1_EN.pdf,https://luangporthoon.net/book/the-autobiography-en-1/,
Thoon Autobiography V2,"_The Autobiography of Venerable Ācariya Thoon Khippapañño, Volume 2_",AThoon,,,17,2022,,The-Autobiography-of-Venerable-Acariya-Thoon-Khippapanno_V2_EN.pdf,https://luangporthoon.net/wp-content/uploads/2022/09/The-Autobiography-of-Venerable-Acariya-Thoon-Khippapanno_V2_EN.pdf,https://luangporthoon.net/book/the-autobiography-of-venerable-acariya-thoon-khippapanno-volume-three/,
Still Forest Pool,_A Still Forest Pool_,AChah,,by Ajahn Chah,,1985,,,(commercial),,
Magic of the Mind,_The Magic of the Mind_,Nyanananda,,by Bhikkhu Ñāṇananda,3,1974,,bp405s_Nyanananda_Magic-of-the-Mind.pdf,https://www.bps.lk/olib/bp/bp405s_Nyanananda_Magic-of-the-Mind.pdf,,
Catastrophe Apostrophe,_Catastrophe/Apostrophe_,AA,,by Ajahn Amaro,2,2021,,CatApo-Web.pdf,https://cdn.amaravati.org/wp-content/uploads/2021/05/02/CatApo-Web.pdf,https://media.amaravati.org/en/dhamma-books/catastrophe-apostrophe-the-buddhas-teachings-on-dependent-origination-and-cessation,
Dependent Origination,_Dependent Origination_,Payutto,,by P. A. Payutto,0,1994,,Dependent Origination The Buddhist Law of  Conditionality Payutto P.A. .pdf,https://ia902908.us.archive.org/12/items/dependentoriginationthebuddhistlawofconditionalitypayuttop.a._233_a/Dependent%20Origination%20The%20Buddhist%20Law%20of%20%20Conditionality%20Payutto%20P.A.%20.pdf,https://archive.org/details/dependentoriginationthebuddhistlawofconditionalitypayuttop.a._233_a,
Atulo,"_Atulo_, collected teachings of [Ajahn Dune](../teachers/ajahn-dune.html) compiled by Ajahn Bodhinandamuni",ADune,,,,1998,,,(no full English translation),,
Wisdom Develops Samadhi,_Wisdom Develops Samādhi_,AMahaB,,by Ajahn Mahā Boowa,9,2003,,maha_boowa_wisdom_develops_samadhi.pdf,https://www.abhayagiri.org/media/books/maha_boowa_wisdom_develops_samadhi.pdf,https://www.abhayagiri.org/books/440-wisdom-develops-samadhi,