Modified:,2025,,,,,,,,,,,,,,
Count,218,900,54,445,185,45,74,,47,87,13,936,408,875,875
Level,Flags,Full tag,#,Pāli,Abbreviation,Pāli abbreviation,Alternate translations,Glosses,Subsumed under,Related,Related 2,Indented tags,Pali term,Tag menu,Pali tag menu
1,,Skillful qualities,,kusalā dhammā,,,Wholesome qualities,,,,,Skillful qualities,kusalā dhammā,Skillful qualities,Skillful qualities [kusalā dhammā]
2,,Middle Path,,majjhimā paṭipadā,,,Middle Way,,,,,   Middle Path,majjhimā paṭipadā,Middle Path,Middle Path [majjhimā paṭipadā]
2,*,Noble Eightfold Path,8,ariya aṭṭaṅgika magga,Eightfold Path,aṭṭaṅgika magga,,,,,,   Noble Eightfold Path,aṭṭaṅgika magga,Eightfold Path,Eightfold Path [aṭṭaṅgika magga]
3,,Right View,,sammā-diṭṭhi,,,,,,Four Noble Truths,,      Right View,sammā-diṭṭhi,Right View,Right View [sammā-diṭṭhi]
3,,Right Intention,3,sammā-saṅkappa,,,Right Resolve,,,,,      Right Intention,sammā-saṅkappa,Right Intention,Right Intention [sammā-saṅkappa]
4,*,Renunciation,,nekkhamma,,,,,,,,         Renunciation,nekkhamma,Renunciation,Renunciation [nekkhamma]
4,,Non-ill-will,,abyāpāda,,,,,Goodwill,,,         Non-ill-will,abyāpāda,,
4,,Non-cruelty,,avihiṃsā,,,Harmlessness,,Compassion,,,         Non-cruelty,avihiṃsā,,
3,,Right Speech,4,sammā-vācā,,,,,,Energy,Patience,      Right Speech,sammā-vācā,Right Speech,Right Speech [sammā-vācā]
4,.,Abstaining from:,,veramaṇī,,,Refraining from,,,,,         Abstaining from:,veramaṇī,,
4,*,False speech,,musā-vādā,,,Telling lies,,,,,         False speech,musā-vādā,False speech,False speech [musā-vādā]
4,,Malicious speech,,pisuṇāya vācā,,,Divisive tale-bearing,,,,,         Malicious speech,pisuṇāya vācā,Malicious speech,Malicious speech [pisuṇāya vācā]
4,,Harsh speech,,pharusāya vācā,,,,,,,,         Harsh speech,pharusāya vācā,Harsh speech,Harsh speech [pharusāya vācā]
4,,Idle chatter,,samphappalāpa,,,,,,,,         Idle chatter,samphappalāpa,Idle chatter,Idle chatter [samphappalāpa]
4,0*,Admonishment/feedback,,,,,,Feedback,,,,         Admonishment/feedback,,Admonishment/feedback,Admonishment/feedback
4,0,Listening,,,,,,,,,,         Listening,,Listening,Listening
4,0,Blame and praise,,nindā ca pasaṃsā ca,,,,,,,,         Blame and praise,nindā ca pasaṃsā ca,Blame and praise,Blame and praise [nindā ca pasaṃsā ca]
4,0,Nonviolent Communication,,,,,,,,,,         Nonviolent Communication,,Nonviolent Communication,Nonviolent Communication
3,,Right Action,3,sammā-kammanta,,,,,,Precepts,,      Right Action,sammā-kammanta,Right Action,Right Action [sammā-kammanta]
4,.,Abstaining from:,,veramaṇī,,,,,,,,         Abstaining from:,veramaṇī,,
4,*,Killing,,pāṇātipāta,,,Taking life,,,,,         Killing,pāṇātipāta,Killing,Killing [pāṇātipāta]
5,*,Vegetarianism,,,,,,,,,,            Vegetarianism,,Vegetarianism,Vegetarianism
5,*,Suicide,,,,,,,,,,            Suicide,,Suicide,Suicide
5,*,Euthanasia,,,,,,,,,,            Euthanasia,,Euthanasia,Euthanasia
5,*,Abortion,,,,,,,,,,            Abortion,,Abortion,Abortion
4,*,Stealing,,adinnādāna,,,,,,,,         Stealing,adinnādāna,Stealing,Stealing [adinnādāna]
4,*,Sexual misconduct,,kāmesu micchācāra,,,,,,,,         Sexual misconduct,kāmesu micchācāra,Sexual misconduct,Sexual misconduct [kāmesu micchācāra]
3,,Right Livelihood,,sammā-ājīva,,,,,,Work,Mutual lay/Saṅgha support,      Right Livelihood,sammā-ājīva,Right Livelihood,Right Livelihood [sammā-ājīva]
3,*,Right Effort,4,sammā-vāyāma,,,,,,Energy,,      Right Effort,sammā-vāyāma,Right Effort,Right Effort [sammā-vāyāma]
4,.,Effort for the,,,,,,,,,,         Effort for the,,,
4,h,Non-arising of unarisen evil unskillful qualities,,,,,,,Right Effort,,,         Non-arising of unarisen evil unskillful qualities,,,
4,h,Abandoning of arisen evil unskillful qualities,,,,,,,Right Effort,,,         Abandoning of arisen evil unskillful qualities,,,
4,h,Arising of unarisen skillful qualities,,,,,,,Right Effort,,,         Arising of unarisen skillful qualities,,,
4,h,Fulfillment of arisen skillful qualities,,,,,,,Right Effort,,,         Fulfillment of arisen skillful qualities,,,
3,*,Right Mindfulness,4,sammā-sati,,,,,,,,      Right Mindfulness,sammā-sati,Right Mindfulness,Right Mindfulness [sammā-sati]
4,*,Mindfulness of body,,kāyagatā-sati,,,Mindfulness immersed in the body,,,,,         Mindfulness of body,kāyagatā-sati,Mindfulness of body,Mindfulness of body [kāyagatā-sati]
5,,Mindfulness of breathing,,ānāpānasati,,,Mindfulness of in-and-out breathing,,,,,            Mindfulness of breathing,ānāpānasati,Mindfulness of breathing,Mindfulness of breathing [ānāpānasati]
5,,Four Postures,4,,Postures,,,,,,,            Four Postures,,Postures,Postures
5,,Clear comprehension,,sampajañña,,,Alertness;Full awareness;Situational awareness,,,,,            Clear comprehension,sampajañña,Clear comprehension,Clear comprehension [sampajañña]
5,,Unattractiveness/32 parts,,asubha/dvattiṁsākāra,Unattractiveness,asubha,,,,,,            Unattractiveness/32 parts,asubha,Unattractiveness,Unattractiveness [asubha]
5,,Elements,,dhātu,,,Properties,,,,,            Elements,dhātu,Elements,Elements [dhātu]
5,,Recollection/Death,,maraṇassati,,,,,,,,            Recollection/Death,maraṇassati,Recollection/Death,Recollection/Death [maraṇassati]
,,,,,,,,,,,,,,,
4,*,Mindfulness of feeling,,vedanā-sati,,,,,,Feeling,,         Mindfulness of feeling,vedanā-sati,Mindfulness of feeling,Mindfulness of feeling [vedanā-sati]
4,*,Mindfulness of mind,,citta-sati,,,,,,Heart/mind,,         Mindfulness of mind,citta-sati,Mindfulness of mind,Mindfulness of mind [citta-sati]
4,*,Mindfulness of dhammas,,dhammā-sati,,,,,,Investigation of states,,         Mindfulness of dhammas,dhammā-sati,Mindfulness of dhammas,Mindfulness of dhammas [dhammā-sati]
5,,Five Hindrances,,pañca nīvaraṇāni,Hindrances,nīvaraṇāni,,,,,,            Five Hindrances,nīvaraṇāni,Hindrances,Hindrances [nīvaraṇāni]
5,,Five Aggregates,,pañcakkhandhā,Aggregates,khandhā,,,,,,            Five Aggregates,khandhā,Aggregates,Aggregates [khandhā]
5,,Six Sense Bases,,saḷ-āyatana,Sense bases,āyatana,Six Sense Spheres,,,,,            Six Sense Bases,āyatana,Sense bases,Sense bases [āyatana]
5,,Seven Factors of Awakening,,satta bojjhaṅgā,Factors of Awakening,bojjhaṅgā,Seven Wings to Awakening,,,,,            Seven Factors of Awakening,bojjhaṅgā,Factors of Awakening,Factors of Awakening [bojjhaṅgā]
5,,Four Noble Truths,,cattāri ariya-saccāni,,,,,,,,            Four Noble Truths,cattāri ariya-saccāni,Four Noble Truths,Four Noble Truths [cattāri ariya-saccāni]
4,0*,Ardency,,ātāpi,,,,,,Energy,,         Ardency,ātāpi,Ardency,Ardency [ātāpi]
4,0*,Clear comprehension,,sampajañña,,,Alertness;Full awareness;Situational awareness,,,Discernment,,         Clear comprehension,sampajañña,Clear comprehension,Clear comprehension [sampajañña]
4,0*,Mindfulness,,sati,,,,,,,,         Mindfulness,sati,Mindfulness,Mindfulness [sati]
3,*,Right Concentration,,sammā-samādhi,,,,,,,,      Right Concentration,sammā-samādhi,Right Concentration,Right Concentration [sammā-samādhi]
4,*,,,Jhāna,,,,,,,,         Jhāna,,Jhāna,Jhāna
4,,Seclusion,,viveka,,,,,,,,         Seclusion,viveka,Seclusion,Seclusion [viveka]
4,*,Directed thought and evaluation,,vitakka-vicāra,,,Applied and sustained thought,Thinking (skillful),,Proliferation,,         Directed thought and evaluation,vitakka-vicāra,Directed thought and evaluation,Directed thought and evaluation [vitakka-vicāra]
4,,Rapture,,pīti,,,Joy;Zest,,,,,         Rapture,pīti,Rapture,Rapture [pīti]
4,*,Happiness,,sukha,,,,,,,,         Happiness,sukha,Happiness,Happiness [sukha]
4,*,Concentration,,samādhi,,,,,,,,         Concentration,samādhi,Concentration,Concentration [samādhi]
4,,Equanimity,,upekkhā,,,,,,,,         Equanimity,upekkhā,Equanimity,Equanimity [upekkhā]
4,*,Unification,,ekaggatā,,,One pointedness,,,,,         Unification,ekaggatā,Unification,Unification [ekaggatā]
4,*,Formless attainments,,āruppa,,,,,,,,         Formless attainments,āruppa,Formless attainments,Formless attainments [āruppa]
2,*,Four Noble Truths,4,cattāri ariya-saccāni,,,,,,,,   Four Noble Truths,cattāri ariya-saccāni,Four Noble Truths,Four Noble Truths [cattāri ariya-saccāni]
3,*,Noble Truth of Suffering,,dukkha ariya-sacca,,,,,,,,      Noble Truth of Suffering,dukkha ariya-sacca,Noble Truth of Suffering,Noble Truth of Suffering [dukkha ariya-sacca]
4,*,Birth,,jāti,,,,,,,,         Birth,jāti,Birth,Birth [jāti]
4,*,Ageing,,jarā,,,,,,,,         Ageing,jarā,Ageing,Ageing [jarā]
4,*,Sickness,,byādhi,,,,,,,,         Sickness,byādhi,Sickness,Sickness [byādhi]
4,*,Death,,maraṇa,,,,,,,,         Death,maraṇa,Death,Death [maraṇa]
4,,Suffering,,dukkha,,,Stress,,,,,         Suffering,dukkha,Suffering,Suffering [dukkha]
4,*,Pain,,dukkha,,,Stress,,,,,         Pain,dukkha,Pain,Pain [dukkha]
4,*,Grief,,domanassa,,,Distress,,,,,         Grief,domanassa,Grief,Grief [domanassa]
4,,Five aggregates affected by clinging,,pañcupādānakkhandhā,,,Five clinging-aggregates,,Aggregates,,,         Five aggregates affected by clinging,pañcupādānakkhandhā,,
3,*,Noble Truth of the Cause of Suffering,3,dukkha-samudaya ariya-sacca,Cause of Suffering,dukkha-samudayo,,,,Craving,,      Noble Truth of the Cause of Suffering,dukkha-samudayo,Cause of Suffering,Cause of Suffering [dukkha-samudayo]
4,,Craving for sensuality,,kāma-taṇhā,,,,,Sensual desire,,,         Craving for sensuality,kāma-taṇhā,,
4,,Craving to become,,bhava-taṇhā,,,,,Becoming,,,         Craving to become,bhava-taṇhā,,
4,*,Craving not to become,,vibhava-taṇhā,,,,,,Becoming,,         Craving not to become,vibhava-taṇhā,Craving not to become,Craving not to become [vibhava-taṇhā]
3,*,Noble Truth of the Cessation of Suffering,,dukkha-nirodha ariya-saccaṃ,Cessation of Suffering,dukkha-nirodho,,,,Progress of insight,,      Noble Truth of the Cessation of Suffering,dukkha-nirodho,Cessation of Suffering,Cessation of Suffering [dukkha-nirodho]
4,,Dispassion,,virāga,,,Fading away,,,,,         Dispassion,virāga,Dispassion,Dispassion [virāga]
4,,Cessation,,nirodha,,,Non-arising,,,,,         Cessation,nirodha,Cessation,Cessation [nirodha]
4,,Relinquishment,,paṭinissagga,,,,,,Release,,         Relinquishment,paṭinissagga,Relinquishment,Relinquishment [paṭinissagga]
4,,Release,,vossagga,,,Relinquishment,,,Relinquishment,,         Release,vossagga,Release,Release [vossagga]
4,,Liberation,,vimutti,,,Freedom,,,,,         Liberation,vimutti,Liberation,Liberation [vimutti]
3,*,Noble Truth of the Path to the Cessation of Suffering,,dukkha-nirodha-gāminī paṭipadā ariya-sacca,Path to the Cessation of Suffering,dukkha-nirodha-gāminī paṭipadā,,,Eightfold Path,,,      Noble Truth of the Path to the Cessation of Suffering,dukkha-nirodha-gāminī paṭipadā,,
2,*,Aids to Awakening,37,bodhipakkhiyādhammā,,,Aids to Enlightenment;Wings to Awakening,,,,,   Aids to Awakening,bodhipakkhiyādhammā,Aids to Awakening,Aids to Awakening [bodhipakkhiyādhammā]
3,4,Four Foundations of Mindfulness,4,cattāro satipaṭṭhānā,Foundations of Mindfulness,satipaṭṭhānā,Four Frames of Reference,,Right Mindfulness,,,      Four Foundations of Mindfulness,satipaṭṭhānā,,
3,4,Four Right Efforts,4,cattāro sammappadhānā,,,,,Right Effort,,,      Four Right Efforts,cattāro sammappadhānā,,
3,4,Four Bases of Success,4,cattāro iddhipādā,Bases of Success,iddhipādā,Four Bases of Spiritual Power,,,,,      Four Bases of Success,iddhipādā,Bases of Success,Bases of Success [iddhipādā]
3,5,Five Faculties,5,pañca indriyā,Faculties,indriyā,,,,,,      Five Faculties,indriyā,Faculties,Faculties [indriyā]
3,5,Five Powers,5,pañca balā,Powers,balā,Five Strengths,,Faculties,,,      Five Powers,balā,,
3,7,Seven Factors of Awakening,7,satta bojjhaṅgā,Factors of Awakening,bojjhaṅgā,,,,,,      Seven Factors of Awakening,bojjhaṅgā,Factors of Awakening,Factors of Awakening [bojjhaṅgā]
3,8,Noble Eightfold Path,8,ariya aṭṭaṅgika magga,Eightfold Path,aṭṭaṅgika magga,,,,,,      Noble Eightfold Path,aṭṭaṅgika magga,Eightfold Path,Eightfold Path [aṭṭaṅgika magga]
2,*,Four Bases of Success,4,cattāro iddhipādā,Bases of Success,iddhipādā,Four Bases of Spiritual Power,,,,,   Four Bases of Success,iddhipādā,Bases of Success,Bases of Success [iddhipādā]
3,.,Concentration based on exertion and,,sa­mā­dhi­­p­padhāna­saṅkhā­rasa­ma­n­nāga­taṁ,,,,,,,,      Concentration based on exertion and,sa­mā­dhi­­p­padhāna­saṅkhā­rasa­ma­n­nāga­taṁ,,
3,,Desire,,chanda,,,Interest;Motivation,,,,,      Desire,chanda,Desire,Desire [chanda]
3,,Energy,,viriya,,,,,,,,      Energy,viriya,Energy,Energy [viriya]
3,,Heart/mind,,citta,,,,Mind,,,,      Heart/mind,citta,Heart/mind,Heart/mind [citta]
3,,Investigation,,vīmaṃsā,,,Inquiry,,Discernment,,,      Investigation,vīmaṃsā,,
,,,,,,,,,,,,,,,
,,,,,,,,,,,,,,,
,,,,,,,,,,,,,,,
,,,,,,,,,,,,,,,
,,,,,,,,,,,,,,,
2,*,Five Faculties,5,pañca indriyā,Faculties,indriyā,,,,,,   Five Faculties,indriyā,Faculties,Faculties [indriyā]
3,*,Faith,,saddhā,,,Conviction,,,,,      Faith,saddhā,Faith,Faith [saddhā]
3,*,Energy,,viriya,,,,,,,,      Energy,viriya,Energy,Energy [viriya]
3,,Mindfulness,,sati,,,,,,,,      Mindfulness,sati,Mindfulness,Mindfulness [sati]
3,,Concentration,,samādhi,,,,,,,,      Concentration,samādhi,Concentration,Concentration [samādhi]
3,*,Discernment,,paññā,,,Wisdom,,,,,      Discernment,paññā,Discernment,Discernment [paññā]
2,*,Seven Factors of Awakening,7,satta bojjhaṅgā,Factors of Awakening,bojjhaṅgā,,,,,,   Seven Factors of Awakening,bojjhaṅgā,Factors of Awakening,Factors of Awakening [bojjhaṅgā]
3,,Mindfulness,,sati,,,,,,,,      Mindfulness,sati,Mindfulness,Mindfulness [sati]
3,,Investigation of states,,dhamma-vicaya,,,Investigation of Dhamma,,,Mindfulness of dhammas,,      Investigation of states,dhamma-vicaya,Investigation of states,Investigation of states [dhamma-vicaya]
3,,Energy,,viriya,,,,,,Right Effort,,      Energy,viriya,Energy,Energy [viriya]
3,*,Rapture,,pīti,,,,,,,,      Rapture,pīti,Rapture,Rapture [pīti]
3,,Tranquility,,passaddhi,,,,Peace,,,,      Tranquility,passaddhi,Tranquility,Tranquility [passaddhi]
3,,Concentration,,samādhi,,,,,,,,      Concentration,samādhi,Concentration,Concentration [samādhi]
3,,Equanimity,,upekkhā,,,,,,,,      Equanimity,upekkhā,Equanimity,Equanimity [upekkhā]
2,*,Divine Abidings,4,brahmavihārā,,,Mature emotions,,,,,   Divine Abidings,brahmavihārā,Divine Abidings,Divine Abidings [brahmavihārā]
3,*,Goodwill,,mettā,,,Well-wishing,,,,,      Goodwill,mettā,Goodwill,Goodwill [mettā]
3,*,Compassion,,karuṇā,,,,,,,,      Compassion,karuṇā,Compassion,Compassion [karuṇā]
3,*,Empathetic joy,,muditā,,,,,,,,      Empathetic joy,muditā,Empathetic joy,Empathetic joy [muditā]
3,*,Equanimity,,upekkhā,,,,unshakeability;balance,,,,      Equanimity,upekkhā,Equanimity,Equanimity [upekkhā]
2,,Seven Treasures,7,satta dhanā,Treasures,dhana,,,,,,   Seven Treasures,dhana,Treasures,Treasures [dhana]
3,,Faith,,saddhā,,,,,,,,      Faith,saddhā,Faith,Faith [saddhā]
3,*,Virtue,,sīla,,,,,,,,      Virtue,sīla,Virtue,Virtue [sīla]
3,*2,Conscience and prudence,,hiri-otappa,,,Moral shame and moral dread;Conscience and concern,,,,,      Conscience and prudence,hiri-otappa,Conscience and prudence,Conscience and prudence [hiri-otappa]
3,*,Learning,,suta,,,,Study,,,,      Learning,suta,Learning,Learning [suta]
4,g,,,Tipiṭaka,,,,Pāli Canon,,,,         Tipiṭaka,,Tipiṭaka,Tipiṭaka
5,,,,Vinaya,,,,,,,,            Vinaya,,Vinaya,Vinaya
5,,,,Sutta,,,,,,,,            Sutta,,Sutta,Sutta
5,,,,Abhidhamma,,,,,,,,            Abhidhamma,,Abhidhamma,Abhidhamma
4,,,,Āgama,,,,,,,,         Āgama,,Āgama,Āgama
4,,Commentaries,,aṭṭhakathā,,,,,,,,         Commentaries,aṭṭhakathā,Commentaries,Commentaries [aṭṭhakathā]
3,*,Generosity,,dāna,,,,,,,,      Generosity,dāna,Generosity,Generosity [dāna]
3,,Discernment,,paññā,,,,,,,,      Discernment,paññā,Discernment,Discernment [paññā]
,,,,,,,,,,,,,,,
2,,Ten Perfections,10,dasa pāramiyo,Perfections,pāramiyo,,,,,,   Ten Perfections,pāramiyo,Perfections,Perfections [pāramiyo]
3,,Generosity,,dāna,,,,,,,,      Generosity,dāna,Generosity,Generosity [dāna]
3,,Virtue,,sīla,,,,,,Precepts,,      Virtue,sīla,Virtue,Virtue [sīla]
3,,Renunciation,,nekkhamma,,,,,,,,      Renunciation,nekkhamma,Renunciation,Renunciation [nekkhamma]
3,,Discernment,,paññā,,,,,,,,      Discernment,paññā,Discernment,Discernment [paññā]
3,,Energy,,viriya,,,,,,Right Effort,,      Energy,viriya,Energy,Energy [viriya]
3,,Patience,,khanti,,,,,,,,      Patience,khanti,Patience,Patience [khanti]
3,,Truth,,sacca,,,,Integrity,,False speech,,      Truth,sacca,Truth,Truth [sacca]
3,,Determination,,adhiṭṭhāna,,,,Commitment;Resolution,,,,      Determination,adhiṭṭhāna,Determination,Determination [adhiṭṭhāna]
3,,Goodwill,,mettā,,,,,,,,      Goodwill,mettā,Goodwill,Goodwill [mettā]
3,,Equanimity,,upekkhā,,,,,,,,      Equanimity,upekkhā,Equanimity,Equanimity [upekkhā]
,,,,,,,,,,,,,,,
2,,Progress of insight,,,,,,,,,,   Progress of insight,,Progress of insight,Progress of insight
3,*,Seclusion,,viveka,,,,,,,,      Seclusion,viveka,Seclusion,Seclusion [viveka]
3,,Concentration,,samādhi,,,,,,,,      Concentration,samādhi,Concentration,Concentration [samādhi]
3,,Knowledge and vision,,ñāṇadassana,,,,,,,,      Knowledge and vision,ñāṇadassana,Knowledge and vision,Knowledge and vision [ñāṇadassana]
3,,Disenchantment,,nibbidā,,,,,,,,      Disenchantment,nibbidā,Disenchantment,Disenchantment [nibbidā]
3,*,Dispassion,,virāga,,,Fading away,,,,,      Dispassion,virāga,Dispassion,Dispassion [virāga]
3,*,Cessation,,nirodha,,,Non-arising,,,,,      Cessation,nirodha,Cessation,Cessation [nirodha]
3,*,Relinquishment,,paṭinissagga,,,,Letting go,,Release,,      Relinquishment,paṭinissagga,Relinquishment,Relinquishment [paṭinissagga]
3,*,Release,,vossagga,,,Relinquishment,,,Relinquishment,,      Release,vossagga,Release,Release [vossagga]
3,*,Liberation,,vimutti,,,Freedom,,,,,      Liberation,vimutti,Liberation,Liberation [vimutti]
,,,,,,,,,,,,,,,
2,,Stages of awakening,4,,,,,,,,,   Stages of awakening,,Stages of awakening,Stages of awakening
3,,Stream entry,,sotāpanna,,,,,,,,      Stream entry,sotāpanna,Stream entry,Stream entry [sotāpanna]
4,,Factors for stream entry,4,sotāpattiyaṅga,,,,,,,,         Factors for stream entry,sotāpattiyaṅga,Factors for stream entry,Factors for stream entry [sotāpattiyaṅga]
5,,Association with people of integrity,,sappurisasaṁseva,,,,,,,,            Association with people of integrity,sappurisasaṁseva,Association with people of integrity,Association with people of integrity [sappurisasaṁseva]
6,,Spiritual friendship,,kalyāṇa-mittatā,,,,,,,,               Spiritual friendship,kalyāṇa-mittatā,Spiritual friendship,Spiritual friendship [kalyāṇa-mittatā]
5,,Hearing the true Dhamma,,saddhammassavana,,,,,,,,            Hearing the true Dhamma,saddhammassavana,Hearing the true Dhamma,Hearing the true Dhamma [saddhammassavana]
5,,Appropriate attention,,yoniso manasikāra,,,Wise attention,,,,,            Appropriate attention,yoniso manasikāra,Appropriate attention,Appropriate attention [yoniso manasikāra]
5,,Practicing in accordance with Dhamma,,dhammā­nu­dhamma­p­paṭipatti,,,,,,,,            Practicing in accordance with Dhamma,dhammā­nu­dhamma­p­paṭipatti,Practicing in accordance with Dhamma,Practicing in accordance with Dhamma [dhammā­nu­dhamma­p­paṭipatti]
3,,Once return,,sakadāgāmī,,,,,,,,      Once return,sakadāgāmī,Once return,Once return [sakadāgāmī]
3,,Non-return,,anāgamī,,,,,,,,      Non-return,anāgamī,Non-return,Non-return [anāgamī]
3,,,,Arahant,,,,,,,,      Arahant,,Arahant,Arahant
3,0,,,Bodhisattva,,,,,,,,      Bodhisattva,,Bodhisattva,Bodhisattva
3,0,,,Paccekabuddha,,,,,,,,      Paccekabuddha,,Paccekabuddha,Paccekabuddha
3,0C,,,Nibbāna,,,Unbinding,,,Deathless,Unconditioned;Unestablished consciousness,      Nibbāna,,Nibbāna,Nibbāna
2,,Heedfulness,,appamāda,,,,,,,,   Heedfulness,appamāda,Heedfulness,Heedfulness [appamāda]
2,,Spiritual search,,ariya-pariyesanā,,,,,,,,   Spiritual search,ariya-pariyesanā,Spiritual search,Spiritual search [ariya-pariyesanā]
3,,Spiritual urgency,,saṃvega,,,,,,,,      Spiritual urgency,saṃvega,Spiritual urgency,Spiritual urgency [saṃvega]
3,,Confidence,,pasāda,,,Inspiration,,Faith,,,      Confidence,pasāda,,
2,,Gratitude,,kataññu,,,,,,,,   Gratitude,kataññu,Gratitude,Gratitude [kataññu]
2,,Merit,,puñña,,,,,,,,   Merit,puñña,Merit,Merit [puñña]
2,,Forgiveness,,khama,,,,,,,,   Forgiveness,khama,Forgiveness,Forgiveness [khama]
2,,Contentment,,santuṭṭhi,,,,,,,,   Contentment,santuṭṭhi,Contentment,Contentment [santuṭṭhi]
,,,,,,,,,,,,,,,
2,,Trust,,,,,,,,,,   Trust,,Trust,Trust
2,,Courage,,,,,,,,,,   Courage,,Courage,Courage
2,,Humility,,,,,,Modesty,,,,   Humility,,Humility,Humility
2,,Dignity,,,,,,,,,,   Dignity,,Dignity,Dignity
2,,Non-contention,,,,,,,,,,   Non-contention,,Non-contention,Non-contention
2,,Self-reliance,,,,,,,,,,   Self-reliance,,Self-reliance,Self-reliance
,,,,,,,,,,,,,,,
,,,,,,,,,,,,,,,
1,,Unskillful qualities,,akusalā dhammā,,,Unwholesome qualities,,,,,Unskillful qualities,akusalā dhammā,Unskillful qualities,Unskillful qualities [akusalā dhammā]
2,,Three Unwholesome Roots,3,ti-akusala-mūlā,Unwholesome Roots,akusala-mūlā,,,,,,   Three Unwholesome Roots,akusala-mūlā,Unwholesome Roots,Unwholesome Roots [akusala-mūlā]
3,*,Greed,,lobha,,,,,,Sensual desire,Craving;Generosity,      Greed,lobha,Greed,Greed [lobha]
3,*,Aversion,,dosa,,,,Anger,,Ill-will,,      Aversion,dosa,Aversion,Aversion [dosa]
3,*,Delusion,,moha,,,,,,Ignorance,,      Delusion,moha,Delusion,Delusion [moha]
2,,Four Biases,4,catarī agatī,Biases,agatī,,,,,,   Four Biases,agatī,Biases,Biases [agatī]
3,h,Bias from desire,,chandāgati,,,,,Desire,,,      Bias from desire,chandāgati,,
3,h,Bias from aversion,,dosāgati,,,,,Aversion,,,      Bias from aversion,dosāgati,,
3,h,Bias from delustion,,mohāgati,,,,,Delusion,,,      Bias from delustion,mohāgati,,
3,h,Bias from fear,,bhayāgati,,,,,Fear,,,      Bias from fear,bhayāgati,,
,,,,,,,,,,,,,,,
2,,Outflows,,āsava,,,Taints;Effluents;Fermentations;Cankers;Inflows,,,,,   Outflows,āsava,Outflows,Outflows [āsava]
3,,Sensuality,,kāmāsava,,,,,Sensual desire,,,      Sensuality,kāmāsava,,
3,,Becoming,,bhavāsava,,,,,,,,      Becoming,bhavāsava,Becoming,Becoming [bhavāsava]
3,,Ignorance,,avijjāsava,,,,,,,,      Ignorance,avijjāsava,Ignorance,Ignorance [avijjāsava]
3,,Views,,diṭṭhāsava,,,,,,,,      Views,diṭṭhāsava,Views,Views [diṭṭhāsava]
2,*,Five Hindrances,5,pañca nīvaraṇāni,Hindrances,nīvaraṇāni,,,,,,   Five Hindrances,nīvaraṇāni,Hindrances,Hindrances [nīvaraṇāni]
3,*,Sensual desire,,kāmacchanda,,,,Sensual pleasure;Sexual desire;Lust,,Renunciation,,      Sensual desire,kāmacchanda,Sensual desire,Sensual desire [kāmacchanda]
3,*,Ill-will,,byāpāda,,,,Resentment,,Aversion,Goodwill,      Ill-will,byāpāda,Ill-will,Ill-will [byāpāda]
3,*,Sloth and torpor,,thīna-middha,,,Dullness and drowsiness,,,Energy,,      Sloth and torpor,thīna-middha,Sloth and torpor,Sloth and torpor [thīna-middha]
3,*,Restlessness and worry,,uddhacca-kukkucca,,,,Anxiety,,Tranquility,,      Restlessness and worry,uddhacca-kukkucca,Restlessness and worry,Restlessness and worry [uddhacca-kukkucca]
3,*,Doubt,,vicikiccha,,,,,,Faith,,      Doubt,vicikiccha,Doubt,Doubt [vicikiccha]
2,,Ten Fetters,10,dasa saṃyojanā,Fetters,dasa samyojana,,,,,,   Ten Fetters,dasa samyojana,Fetters,Fetters [dasa samyojana]
3,*,Self-identity view,,sakkāya-diṭṭhi,,,,,,Doctrine-of-self clinging,Conceit,      Self-identity view,sakkāya-diṭṭhi,Self-identity view,Self-identity view [sakkāya-diṭṭhi]
3,,Doubt,,vicikicchā,,,,,,,,      Doubt,vicikicchā,Doubt,Doubt [vicikicchā]
3,,Attachment to precepts and practices,,sīlabbata-parāmāsa,,,Attachment to precepts and practices,,,,,      Attachment to precepts and practices,sīlabbata-parāmāsa,Attachment to precepts and practices,Attachment to precepts and practices [sīlabbata-parāmāsa]
3,,Sensual desire,,kāmacchanda,,,,,,,,      Sensual desire,kāmacchanda,Sensual desire,Sensual desire [kāmacchanda]
3,,Ill-will,,byāpāda,,,,,,,,      Ill-will,byāpāda,Ill-will,Ill-will [byāpāda]
3,,Craving for material existence,,rūparāga,,,,,,Deva,,      Craving for material existence,rūparāga,Craving for material existence,Craving for material existence [rūparāga]
3,,Craving for immaterial existence,,arūparāga,,,,,,Deva,,      Craving for immaterial existence,arūparāga,Craving for immaterial existence,Craving for immaterial existence [arūparāga]
3,*,Conceit,,māna,,,,Conceiving,,Doctrine-of-self clinging,Self-identity view,      Conceit,māna,Conceit,Conceit [māna]
3,,Restlessness,,uddhacca,,,,,Restlessness and worry,,,      Restlessness,uddhacca,,
3,,Ignorance,,avijjā,,,,,,,,      Ignorance,avijjā,Ignorance,Ignorance [avijjā]
2,,Heedlessness,,pamāda,,,,,,,,   Heedlessness,pamāda,Heedlessness,Heedlessness [pamāda]
2,,Defilement,,kilesa,,,,,Unwholesome Roots,,,   Defilement,kilesa,,
2,,Proliferation,,papañca,,,Objectification,Thinking (unskillful),,Directed thought and evaluation,,   Proliferation,papañca,Proliferation,Proliferation [papañca]
3,,Craving,,taṇhā,,,,,,,,      Craving,taṇhā,Craving,Craving [taṇhā]
3,*,Views,,diṭṭhī,,,,,,,,      Views,diṭṭhī,Views,Views [diṭṭhī]
3,,Conceit,,māna,,,,Conceiving,,Doctrine-of-self clinging,Self-identity view,      Conceit,māna,Conceit,Conceit [māna]
2,.,Conceit-related,,,,,,,,,,   Conceit-related,,,
3,,Self-identity view,,sakkāya-diṭṭhi,,,,,,,,      Self-identity view,sakkāya-diṭṭhi,Self-identity view,Self-identity view [sakkāya-diṭṭhi]
3,,Conceit,,māna,,,,Conceiving,,Doctrine-of-self clinging,Self-identity view,      Conceit,māna,Conceit,Conceit [māna]
3,,Judgementalism,,,,,,Self-righteousness,,,,      Judgementalism,,Judgementalism,Judgementalism
3,,Perfectionism,,,,,,,,,,      Perfectionism,,Perfectionism,Perfectionism
3,,Jealousy,,,,,,,,,,      Jealousy,,Jealousy,Jealousy
3,,Competitiveness,,,,,,,,,,      Competitiveness,,Competitiveness,Competitiveness
3,,Selfishness,,,,,,,,,,      Selfishness,,Selfishness,Selfishness
3,,Guilt/shame/inadequacy,,,,,,Shame;Inadequacy,,,,      Guilt/shame/inadequacy,,Guilt/shame/inadequacy,Guilt/shame/inadequacy
3,,Self-pity,,,,,,,,,,      Self-pity,,Self-pity,Self-pity
2,,Depression,,,,,,Despair,,,,   Depression,,Depression,Depression
2,,Loneliness,,,,,,,,,,   Loneliness,,Loneliness,Loneliness
2,,Abuse/violence,,,,,,Violence,,,,   Abuse/violence,,Abuse/violence,Abuse/violence
2,,Addiction,,,,,,,,,,   Addiction,,Addiction,Addiction
2,,Dogmatism,,,,,,,,,,   Dogmatism,,Dogmatism,Dogmatism
2,,Spiritual bypass,,,,,,,,,,   Spiritual bypass,,Spiritual bypass,Spiritual bypass
,,,,,,,,,,,,,,,
1,.,Indeterminate qualities,,abyākatā dhammā,,,,,,,,Indeterminate qualities,abyākatā dhammā,,
2,,Four Nutriments,4,cattāro āhārā,Nutriment,āhāra,,,,,,   Four Nutriments,āhāra,Nutriment,Nutriment [āhāra]
3,,Physical food,,kabaliṅkāra āhāra,Food,āhāra,,,,,,      Physical food,āhāra,Food,Food [āhāra]
3,,Contact,,phassa,,,,,,,,      Contact,phassa,Contact,Contact [phassa]
3,,Mental volition,,manosañcetanā,Volition,cetanā,,Intention,,,,      Mental volition,cetanā,Volition,Volition [cetanā]
3,,Consciousness,,viññāṇa,,,,,,,,      Consciousness,viññāṇa,Consciousness,Consciousness [viññāṇa]
2,*,Five Aggregates,5,pañcakkhandhā,Aggregates,khandhā,,,,,,   Five Aggregates,khandhā,Aggregates,Aggregates [khandhā]
3,*,Form,,rūpa,,,Body,,,,,      Form,rūpa,Form,Form [rūpa]
3,*,Feeling,,vedanā,,,,,,Contact,,      Feeling,vedanā,Feeling,Feeling [vedanā]
3,*,Perception,,saññā,,,,,,,,      Perception,saññā,Perception,Perception [saññā]
3,*,Volitional formations,,saṅkhāra,,,,,,Volition,,      Volitional formations,saṅkhāra,Volitional formations,Volitional formations [saṅkhāra]
3,*,Consciousness,,viññāṇa,,,,,,Sense bases,Unestablished consciousness,      Consciousness,viññāṇa,Consciousness,Consciousness [viññāṇa]
2,*,Conditionality,,idappaccayatā,,,,,,,,   Conditionality,idappaccayatā,Conditionality,Conditionality [idappaccayatā]
2,,Dependent origination,12,paticca-samuppāda,,,,,,,,   Dependent origination,paticca-samuppāda,Dependent origination,Dependent origination [paticca-samuppāda]
3,*,Ignorance,,avijjā,,,,,,Delusion,,      Ignorance,avijjā,Ignorance,Ignorance [avijjā]
3,,Volitional formations,,saṅkhāra,,,,,,,,      Volitional formations,saṅkhāra,Volitional formations,Volitional formations [saṅkhāra]
3,,Consciousness,,viññāṇa,,,,,,,,      Consciousness,viññāṇa,Consciousness,Consciousness [viññāṇa]
3,,Name and form,,nāma-rūpa,,,,,Aggregates,,,      Name and form,nāma-rūpa,,
3,*,Six Sense Bases,,saḷ-āyatana,Sense bases,āyatana,,,,,,      Six Sense Bases,āyatana,Sense bases,Sense bases [āyatana]
3,*,Contact,,phassa,,,,,,,,      Contact,phassa,Contact,Contact [phassa]
3,,Feeling,,vedanā,,,,,,,,      Feeling,vedanā,Feeling,Feeling [vedanā]
4,,Pleasant feeling,,sukhā vedanā,,,,,Happiness,,,         Pleasant feeling,sukhā vedanā,,
4,,Unpleasant feeling,,dukkhā vedanā,,,,,Pain,,,         Unpleasant feeling,dukkhā vedanā,,
4,,Neither-painful-nor-pleasant feeling,,adukkhamasukhā vedanā,Neutral feeling,,,,,,,         Neither-painful-nor-pleasant feeling,adukkhamasukhā vedanā,Neutral feeling,Neutral feeling [adukkhamasukhā vedanā]
3,*,Craving,,taṇhā,,,,,,Cause of Suffering,,      Craving,taṇhā,Craving,Craving [taṇhā]
4,,Craving for sensuality,,kāma-taṇhā,,,,,Sensual desire,,,         Craving for sensuality,kāma-taṇhā,,
4,,Craving to become,,bhava-taṇhā,,,,,Becoming,,,         Craving to become,bhava-taṇhā,,
4,,Craving not to become,,vibhava-taṇhā,,,,,,,,         Craving not to become,vibhava-taṇhā,Craving not to become,Craving not to become [vibhava-taṇhā]
3,,Clinging,,upādāna,,,Attachment;Grasping;Sustanence,,,,,      Clinging,upādāna,Clinging,Clinging [upādāna]
4,h,Sensuality-clinging,,kāmupādāna,,,,,Sensual desire,,,         Sensuality-clinging,kāmupādāna,,
4,h,View-clinging,,diṭṭhupādāna,,,,,Views,,,         View-clinging,diṭṭhupādāna,,
4,h,Precepts-and-practices clinging,,sīlabbatupādāna,,,,,Attachment to precepts and practices,,,         Precepts-and-practices clinging,sīlabbatupādāna,,
4,,Doctrine-of-self clinging,,attavādupādāna,,,,Soul,,Self-identity view,Conceit,         Doctrine-of-self clinging,attavādupādāna,Doctrine-of-self clinging,Doctrine-of-self clinging [attavādupādāna]
3,*,Becoming,,bhava,,,,,,Craving not to become,,      Becoming,bhava,Becoming,Becoming [bhava]
3,,Birth,,jāti,,,,,,Rebirth,,      Birth,jāti,Birth,Birth [jāti]
3,,Suffering,,dukkha,,,,,,,,      Suffering,dukkha,Suffering,Suffering [dukkha]
2,,Characteristics of existence,3,,,,,,,,,   Characteristics of existence,,Characteristics of existence,Characteristics of existence
3,*,Impermanence,,anicca,,,Inconstancy,Arising and ceasing;Uncertainty;Mai nae <em>Thai</em>,,,,      Impermanence,anicca,Impermanence,Impermanence [anicca]
3,*,Suffering,,dukkha,,,,,,,,      Suffering,dukkha,Suffering,Suffering [dukkha]
3,*,Not-self,,anattā,,,,,,,,      Not-self,anattā,Not-self,Not-self [anattā]
3,0,Naturalness,,dhammaṭṭhitatā,,,,,,,,      Naturalness,dhammaṭṭhitatā,Naturalness,Naturalness [dhammaṭṭhitatā]
3,0,Lawfulness,,dhammaniymatā,,,,,,,,      Lawfulness,dhammaniymatā,Lawfulness,Lawfulness [dhammaniymatā]
3,0,Conditionality,,idapaccayatā,,,This-that conditionality,,,,,      Conditionality,idapaccayatā,Conditionality,Conditionality [idapaccayatā]
3,0,Emptiness,,suññatā,,,,,,,,      Emptiness,suññatā,Emptiness,Emptiness [suññatā]
3,0,Suchness,,tathatā,,,,,,,,      Suchness,tathatā,Suchness,Suchness [tathatā]
3,0,Not-made-of-that,,atammayatā,,,,,,,,      Not-made-of-that,atammayatā,Not-made-of-that,Not-made-of-that [atammayatā]
2,,Three Aspects of Understanding,3,,Aspects of Understanding,,,,,,,   Three Aspects of Understanding,,Aspects of Understanding,Aspects of Understanding
3,,Gratification,,assāda,,,Benefit,,,Sensual desire,,      Gratification,assāda,Gratification,Gratification [assāda]
3,,Drawbacks,,ādīnava,,,Danger,,,Spiritual urgency,,      Drawbacks,ādīnava,Drawbacks,Drawbacks [ādīnava]
3,,Escape,,nissaraṇa,,,,,,Progress of insight,,      Escape,nissaraṇa,Escape,Escape [nissaraṇa]
,,,,,,,,,,,,,,,
,,,,,,,,,,,,,,,
2,*,Moods of the mind,,Arom kong git <em>Thai</em>,,,,,,,,   Moods of the mind,Arom kong git <em>Thai</em>,Moods of the mind,Moods of the mind [Arom kong git <em>Thai</em>]
2,,Emotion,,,,,,,,,,   Emotion,,Emotion,Emotion
2,,Attitude,,,,,,,,,,   Attitude,,Attitude,Attitude
,,,,,,,,,,,,,,,
2,,Personality,,,,,,,,,,   Personality,,Personality,Personality
3,,Habits,,,,,,,,,,      Habits,,Habits,Habits
3,,Humor,,,,,,,,,,      Humor,,Humor,Humor
2,*,Fear,,bhaya,,,,,,,,   Fear,bhaya,Fear,Fear [bhaya]
2,,Idealism,,,,,,,,,,   Idealism,,Idealism,Idealism
2,,Intuition,,,,,,,,,,   Intuition,,Intuition,Intuition
2,,Beauty,,,,,,,,,,   Beauty,,Beauty,Beauty
,,,,,,,,,,,,,,,
,,,,,,,,,,,,,,,
1,,Three Refuges,3,tisaraṇa,,,,,,,,Three Refuges,tisaraṇa,Three Refuges,Three Refuges [tisaraṇa]
2,CEp,,,Buddha,,,,Tathāgata <em>Pali</em>,,Recollection/Buddha,,   Buddha,,Buddha,Buddha
3,,Buddha/Biography,,,,,,,,,,      Buddha/Biography,,Buddha/Biography,Buddha/Biography
3,,Buddha images,,,,,,,,,,      Buddha images,,Buddha images,Buddha images
3,,Buddho mantra,,,,,,,,,,      Buddho mantra,,Buddho mantra,Buddho mantra
2,CE,,,Dhamma,,,,,,Teaching Dhamma,Recollection/Dhamma,   Dhamma,,Dhamma,Dhamma
2,CE,,,Saṅgha,,,,Monastic community,,Recollection/Saṅgha,,   Saṅgha,,Saṅgha,Saṅgha
,,,,,,,,,,,,,,,
,,,,,,,,,,,,,,,
1,,Devotional practice,,,,,,,,Faith,,Devotional practice,,Devotional practice,Devotional practice
2,,Ceremony/ritual,,,,,,Ritual,,,,   Ceremony/ritual,,Ceremony/ritual,Ceremony/ritual
3,,,,Pūjā,,,,,,,,      Pūjā,,Pūjā,Pūjā
2,,Chanting,,,,,,,,,,   Chanting,,Chanting,Chanting
3,g,,,Anumodanā,,,,Delighting in goodness,,,,      Anumodanā,,Anumodanā,Anumodanā
3,,Protective chants,,paritta,,,,,,,,      Protective chants,paritta,Protective chants,Protective chants [paritta]
2,,Prayer,,,,,,,,,,   Prayer,,Prayer,Prayer
2,,Bowing,,,,,,,,,,   Bowing,,Bowing,Bowing
2,,Asking forgiveness ceremony,,,,,,,,,,   Asking forgiveness ceremony,,Asking forgiveness ceremony,Asking forgiveness ceremony
2,,Festival days,,,,,,,,,,   Festival days,,Festival days,Festival days
3,*,Lunar observance days,,uposatha,,,,Wan Phra <em>Thai</em>,,,,      Lunar observance days,uposatha,Lunar observance days,Lunar observance days [uposatha]
3,,,,Kaṭhina,,,,,,,,      Kaṭhina,,Kaṭhina,Kaṭhina
3,,Ajahn Chah Remembrance Day,,,,,,,,,,      Ajahn Chah Remembrance Day,,Ajahn Chah Remembrance Day,Ajahn Chah Remembrance Day
2,,Visiting holy sites,,,,,,,,,,   Visiting holy sites,,Visiting holy sites,Visiting holy sites
2,,Objects of veneration,,,,,,,,,,   Objects of veneration,,Objects of veneration,Objects of veneration
3,,Relics,,sarīra,,,,,,,,      Relics,sarīra,Relics,Relics [sarīra]
3,,Stupas/monuments,,thūpaṃ,,,,Monuments,,,,      Stupas/monuments,thūpaṃ,Stupas/monuments,Stupas/monuments [thūpaṃ]
3,,Bodhi Tree,,,,,,,,,,      Bodhi Tree,,Bodhi Tree,Bodhi Tree
3,*,Buddha images,,,,,,,,,,      Buddha images,,Buddha images,Buddha images
3,,Malas,,,,,,,,,,      Malas,,Malas,Malas
3,,Amulets,,,,,,,,,,      Amulets,,Amulets,Amulets
3,,Icons,,,,,,,,,,      Icons,,Icons,Icons
2,,Funerals,,,,,,,,,,   Funerals,,Funerals,Funerals
2,,Superstition,,,,,,,,,,   Superstition,,Superstition,Superstition
,,,,,,,,,,,,,,,
,,,,,,,,,,,,,,,
1,,Precepts,,sikkhāpada,,,,,,Virtue,,Precepts,sikkhāpada,Precepts,Precepts [sikkhāpada]
2,*,Five Precepts,5,pañca sikkhāpadāni,,,,,,,,   Five Precepts,pañca sikkhāpadāni,Five Precepts,Five Precepts [pañca sikkhāpadāni]
3,.,Abstaining from:,,veramaṇī,,,,,,,,      Abstaining from:,veramaṇī,,
3,,Killing,,pāṇātipāta,,,Taking life,,,,,      Killing,pāṇātipāta,Killing,Killing [pāṇātipāta]
4,,Vegetarianism,,,,,,,,,,         Vegetarianism,,Vegetarianism,Vegetarianism
4,,Suicide,,,,,,,,,,         Suicide,,Suicide,Suicide
4,,Euthanasia,,,,,,,,,,         Euthanasia,,Euthanasia,Euthanasia
4,,Abortion,,,,,,,,,,         Abortion,,Abortion,Abortion
3,,Stealing,,adinnādāna,,,,,,,,      Stealing,adinnādāna,Stealing,Stealing [adinnādāna]
3,,Sexual misconduct,,kāmesu micchācāra,,,,,,,,      Sexual misconduct,kāmesu micchācāra,Sexual misconduct,Sexual misconduct [kāmesu micchācāra]
3,,False speech,,musā-vādā,,,,,,Right Speech,,      False speech,musā-vādā,False speech,False speech [musā-vādā]
3,*,Intoxicants,,surāmeraya-majja-pamādaṭṭhānā,,,,,,,,      Intoxicants,surāmeraya-majja-pamādaṭṭhānā,Intoxicants,Intoxicants [surāmeraya-majja-pamādaṭṭhānā]
2,*,Eight Precepts,8,aṭṭha sikkhāpadāni,,,,,,Renunciation,,   Eight Precepts,aṭṭha sikkhāpadāni,Eight Precepts,Eight Precepts [aṭṭha sikkhāpadāni]
3,.,Abstaining from:,,veramaṇī,,,,,,,,      Abstaining from:,veramaṇī,,
3,,Killing,,pāṇātipāta,,,Taking life,,,,,      Killing,pāṇātipāta,Killing,Killing [pāṇātipāta]
4,,Vegetarianism,,,,,,,,,,         Vegetarianism,,Vegetarianism,Vegetarianism
4,,Suicide,,,,,,,,,,         Suicide,,Suicide,Suicide
4,,Euthanasia,,,,,,,,,,         Euthanasia,,Euthanasia,Euthanasia
4,,Abortion,,,,,,,,,,         Abortion,,Abortion,Abortion
3,,Stealing,,adinnādāna,,,,,,,,      Stealing,adinnādāna,Stealing,Stealing [adinnādāna]
3,,Sexual activity,,abrahmacariya,,,,,Celibacy,,,      Sexual activity,abrahmacariya,,
3,,False speech,,musā-vāda,,,,,,Right Speech,,      False speech,musā-vāda,False speech,False speech [musā-vāda]
3,,Intoxicants,,surāmeraya-majja-pamādaṭṭhāna,,,,,,,,      Intoxicants,surāmeraya-majja-pamādaṭṭhāna,Intoxicants,Intoxicants [surāmeraya-majja-pamādaṭṭhāna]
3,*,Eating after noon,,vikāla-bhojana,,,,,,Food,,      Eating after noon,vikāla-bhojana,Eating after noon,Eating after noon [vikāla-bhojana]
3,*,Entertainment and adornment,,nacca-gīta-vādita,,,,,,Renunciation,,      Entertainment and adornment,nacca-gīta-vādita,Entertainment and adornment,Entertainment and adornment [nacca-gīta-vādita]
3,*,High and luxurious beds,,uccāsayana-mahāsayanā,,,,,,Devotion to wakefulness,Energy,      High and luxurious beds,uccāsayana-mahāsayanā,High and luxurious beds,High and luxurious beds [uccāsayana-mahāsayanā]
2,,Monastic precepts,,,,,,,Vinaya,,,   Monastic precepts,,,
,,,,,,,,,,,,,,,
1,,Meditation,,bhāvanā,,,,,,,,Meditation,bhāvanā,Meditation,Meditation [bhāvanā]
2,,Meditation/General advice,,,,,,,,,,   Meditation/General advice,,Meditation/General advice,Meditation/General advice
2,,Right Effort,4,sammā-vāyāma,,,,,,,,   Right Effort,sammā-vāyāma,Right Effort,Right Effort [sammā-vāyāma]
2,*,Four Foundations of Mindfulness,4,cattāro satipaṭṭhānā,Foundations of Mindfulness,satipaṭṭhānā,,,Right Mindfulness,,,   Four Foundations of Mindfulness,satipaṭṭhānā,,
3,,Mindfulness of body,,kāyagatā-sati,,,Mindfulness immersed in the body,,,,,      Mindfulness of body,kāyagatā-sati,Mindfulness of body,Mindfulness of body [kāyagatā-sati]
4,,Mindfulness of breathing,,ānāpānasati,,,Mindfulness of in-and-out breathing,,,,,         Mindfulness of breathing,ānāpānasati,Mindfulness of breathing,Mindfulness of breathing [ānāpānasati]
4,,Four Postures,4,,Postures,,,,,,,         Four Postures,,Postures,Postures
4,,Clear comprehension,,sampajañña,,,Alertness;Full awareness;Situational awareness,,,,,         Clear comprehension,sampajañña,Clear comprehension,Clear comprehension [sampajañña]
4,,Unattractiveness/32 parts,,asubha/dvattiṁsākāra,Unattractiveness,asubha,,,,,,         Unattractiveness/32 parts,asubha,Unattractiveness,Unattractiveness [asubha]
4,,Elements,,dhātu,,,,,,,,         Elements,dhātu,Elements,Elements [dhātu]
4,,Recollection/Death,,maraṇassati,,,,,,,,         Recollection/Death,maraṇassati,Recollection/Death,Recollection/Death [maraṇassati]
3,,Mindfulness of feeling,,vedanā-sati,,,,,,,,      Mindfulness of feeling,vedanā-sati,Mindfulness of feeling,Mindfulness of feeling [vedanā-sati]
3,,Mindfulness of mind,,citta-sati,,,,,,,,      Mindfulness of mind,citta-sati,Mindfulness of mind,Mindfulness of mind [citta-sati]
3,,Mindfulness of dhammas,,dhammā-sati,,,,,,,,      Mindfulness of dhammas,dhammā-sati,Mindfulness of dhammas,Mindfulness of dhammas [dhammā-sati]
3,0,Ardency,,ātāpi,,,,,,,,      Ardency,ātāpi,Ardency,Ardency [ātāpi]
3,0,Clear comprehension,,sampajañña,,,,,,,,      Clear comprehension,sampajañña,Clear comprehension,Clear comprehension [sampajañña]
3,0,Mindfulness,,sati,,,,,,,,      Mindfulness,sati,Mindfulness,Mindfulness [sati]
2,,Right Concentration,,sammā-samādhi,,,,,,,,   Right Concentration,sammā-samādhi,Right Concentration,Right Concentration [sammā-samādhi]
3,,,,Jhāna,,,,,,,,      Jhāna,,Jhāna,Jhāna
3,,Seclusion,,viveka,,,,,,,,      Seclusion,viveka,Seclusion,Seclusion [viveka]
3,,Directed thought and evaluation,,vitakka-vicāra,,,,,,,,      Directed thought and evaluation,vitakka-vicāra,Directed thought and evaluation,Directed thought and evaluation [vitakka-vicāra]
3,,Rapture,,pīti,,,,,,,,      Rapture,pīti,Rapture,Rapture [pīti]
3,,Happiness,,sukha,,,,,,,,      Happiness,sukha,Happiness,Happiness [sukha]
3,,Equanimity,,upekkhā,,,,,,,,      Equanimity,upekkhā,Equanimity,Equanimity [upekkhā]
3,,Unification,,ekaggatā,,,,,,,,      Unification,ekaggatā,Unification,Unification [ekaggatā]
3,,Formless attainments,,āruppa,,,,,,,,      Formless attainments,āruppa,Formless attainments,Formless attainments [āruppa]
,,,,,,,,,,,,,,,
,,,,,,,,,,,,,,,
,,,,,,,,,,,,,,,
2,,Meditation/Techniques,,,,,,,,,,   Meditation/Techniques,,Meditation/Techniques,Meditation/Techniques
3,*,Mindfulness of breathing,,ānāpānasati,,,,,,,,      Mindfulness of breathing,ānāpānasati,Mindfulness of breathing,Mindfulness of breathing [ānāpānasati]
,,,,,,,,,,,,,,,
3,*,Unattractiveness/32 parts,,asubha/dvattiṁsākāra,Unattractiveness,asubha,,,,,,      Unattractiveness/32 parts,asubha,Unattractiveness,Unattractiveness [asubha]
3,*,Elements,,dhātu,,,Properties,,,,,      Elements,dhātu,Elements,Elements [dhātu]
3,,Perception of light,,āloka-saññā,,,,,,,,      Perception of light,āloka-saññā,Perception of light,Perception of light [āloka-saññā]
3,,,,Kasiṇa,,,,,,,,      Kasiṇa,,Kasiṇa,Kasiṇa
3,,Divine Abidings,4,brahmavihārā,,,,,,,,      Divine Abidings,brahmavihārā,Divine Abidings,Divine Abidings [brahmavihārā]
4,,Goodwill,,mettā,,,,,,,,         Goodwill,mettā,Goodwill,Goodwill [mettā]
4,,Compassion,,karuṇā,,,,,,,,         Compassion,karuṇā,Compassion,Compassion [karuṇā]
4,,Empathetic joy,,muditā,,,,,,,,         Empathetic joy,muditā,Empathetic joy,Empathetic joy [muditā]
4,,Equanimity,,upekkhā,,,,,,,,         Equanimity,upekkhā,Equanimity,Equanimity [upekkhā]
3,,Visualization,,,,,,,,,,      Visualization,,Visualization,Visualization
3,,Body scanning,,,,,,,,,,      Body scanning,,Body scanning,Body scanning
3,,Noting,,,,,,,,,,      Noting,,Noting,Noting
,,,,,,,,,,,,,,,
3,,Mantra,,,,,,,,,,      Mantra,,Mantra,Mantra
4,*,Buddho mantra,,,,,,,,,,         Buddho mantra,,Buddho mantra,Buddho mantra
3,,Koan,,,,,,,,,,      Koan,,Koan,Koan
3,,,,Hua tou <em>Chinese</em>,,Hua tou,,,,,,      Hua tou <em>Chinese</em>,,Hua tou,Hua tou
3,,Sound of silence,,,,,,,,,,      Sound of silence,,Sound of silence,Sound of silence
3,,Movement meditation,,,,,,,,,,      Movement meditation,,Movement meditation,Movement meditation
2,,Gladdening the mind,,abhippamodaya citta,,,,,,,,   Gladdening the mind,abhippamodaya citta,Gladdening the mind,Gladdening the mind [abhippamodaya citta]
2,,Calming meditation,,samatha,,,,,,Tranquility,,   Calming meditation,samatha,Calming meditation,Calming meditation [samatha]
2,,Insight meditation,,vipassanā,,,,,,Investigation of states,,   Insight meditation,vipassanā,Insight meditation,Insight meditation [vipassanā]
2,,Recollection,10,anusati,,,,,,,,   Recollection,anusati,Recollection,Recollection [anusati]
3,*,Recollection/Buddha,,buddhānussati,,,,,,Buddha,,      Recollection/Buddha,buddhānussati,Recollection/Buddha,Recollection/Buddha [buddhānussati]
3,,Recollection/Dhamma,,dhammānussati,,,,,,Dhamma,,      Recollection/Dhamma,dhammānussati,Recollection/Dhamma,Recollection/Dhamma [dhammānussati]
3,,Recollection/Saṅgha,,saṅghānussati,,,,,,Saṅgha,,      Recollection/Saṅgha,saṅghānussati,Recollection/Saṅgha,Recollection/Saṅgha [saṅghānussati]
3,,Recollection/Virtue,,sīlānussati,,,,,,Generosity,,      Recollection/Virtue,sīlānussati,Recollection/Virtue,Recollection/Virtue [sīlānussati]
3,,Recollection/Generosity,,cāgānussati,,,,,,Virtue,,      Recollection/Generosity,cāgānussati,Recollection/Generosity,Recollection/Generosity [cāgānussati]
3,,Recollection/Devas,,devatānussati,,,,,,Deva,,      Recollection/Devas,devatānussati,Recollection/Devas,Recollection/Devas [devatānussati]
3,,Mindfulness of breathing,,ānāpānasati,,,,,,Death,,      Mindfulness of breathing,ānāpānasati,Mindfulness of breathing,Mindfulness of breathing [ānāpānasati]
3,*,Recollection/Death,,maraṇassati,,,,,,,,      Recollection/Death,maraṇassati,Recollection/Death,Recollection/Death [maraṇassati]
3,,Mindfulness of body,,kāyagatā-sati,,,,,,,,      Mindfulness of body,kāyagatā-sati,Mindfulness of body,Mindfulness of body [kāyagatā-sati]
3,,Recollection/Peace,,upasamānussati,,,,,,,,      Recollection/Peace,upasamānussati,Recollection/Peace,Recollection/Peace [upasamānussati]
2,,Four Protective Meditations,4,caturārakkhā bhāvanā,Protective Meditations,rakkhā bhāvanā,,,,,,   Four Protective Meditations,rakkhā bhāvanā,Protective Meditations,Protective Meditations [rakkhā bhāvanā]
3,,Mindfulness of body,,,,,,,,,,      Mindfulness of body,,Mindfulness of body,Mindfulness of body
3,,Unattractiveness/32 parts,,asubha/dvattiṁsākāra,Unattractiveness,asubha,,,,,,      Unattractiveness/32 parts,asubha,Unattractiveness,Unattractiveness [asubha]
3,,Recollection/Buddha,,,,,,,,,,      Recollection/Buddha,,Recollection/Buddha,Recollection/Buddha
3,,Goodwill,,,,,,,,,,      Goodwill,,Goodwill,Goodwill
,,,,,,,,,,,,,,,
2,*,Four Postures,4,,Postures,,,,,,,   Four Postures,,Postures,Postures
3,,Posture/Sitting,,nisinna,,,,,,,,      Posture/Sitting,nisinna,Posture/Sitting,Posture/Sitting [nisinna]
3,,Posture/Walking,,caranta,,,,,,,,      Posture/Walking,caranta,Posture/Walking,Posture/Walking [caranta]
3,,Posture/Lying down,,sayāna,,,,,,,,      Posture/Lying down,sayāna,Posture/Lying down,Posture/Lying down [sayāna]
3,,Posture/Standing,,tiṭṭhanta,,,,,,,,      Posture/Standing,tiṭṭhanta,Posture/Standing,Posture/Standing [tiṭṭhanta]
3,0*,Bowing,,,,,,,,,,      Bowing,,Bowing,Bowing
3,0g,,,Mudra <em>Sanskrit</em>,,Mudra,,Hand posture,,,,      Mudra <em>Sanskrit</em>,,Mudra,Mudra
2,,Meditation retreats,,,,,,,,,,   Meditation retreats,,Meditation retreats,Meditation retreats
2,,Meditation/Results,,,,,,,,,,   Meditation/Results,,Meditation/Results,Meditation/Results
3,,Wrong concentration,,micchā-samādhi,,,,,,,,      Wrong concentration,micchā-samādhi,Wrong concentration,Wrong concentration [micchā-samādhi]
3,,,,Nimitta,,,,,,,,      Nimitta,,Nimitta,Nimitta
3,,Continuity of mindfulness,,,,,,,,,,      Continuity of mindfulness,,Continuity of mindfulness,Continuity of mindfulness
3,,Present moment awareness,,,,,,,,,,      Present moment awareness,,Present moment awareness,Present moment awareness
3,,Spaciousness,,,,,,,,,,      Spaciousness,,Spaciousness,Spaciousness
3,,Direct experience,,,,,,,,,,      Direct experience,,Direct experience,Direct experience
3,,Knowing itself,,,,,,Poo roo <em>Thai</em>,,,,      Knowing itself,,Knowing itself,Knowing itself
2,,Meditation/Unusual experiences,,,,,,,,,,   Meditation/Unusual experiences,,Meditation/Unusual experiences,Meditation/Unusual experiences
,,,,,,,,,,,,,,,
2,,Long-term practice,,,,,,,,,,   Long-term practice,,Long-term practice,Long-term practice
,,,,,,,,,,,,,,,
,,,,,,,,,,,,,,,
1,,Teaching Dhamma,,,,,,,,,,Teaching Dhamma,,Teaching Dhamma,Teaching Dhamma
2,,The Gradual Teaching,,anupubbikathā,Gradual Teaching,,,,,,,   The Gradual Teaching,anupubbikathā,Gradual Teaching,Gradual Teaching [anupubbikathā]
3,,Generosity,,dāna,,,,,,,,      Generosity,dāna,Generosity,Generosity [dāna]
3,,Virtue,,sīla,,,,,,,,      Virtue,sīla,Virtue,Virtue [sīla]
3,,Rewards of heaven,,sagga,Heaven,,,,Deva,,,      Rewards of heaven,sagga,,
3,,Danger of sensual pleasure,,kāmānaṃ ādīnava,,,,,Sensual desire,,,      Danger of sensual pleasure,kāmānaṃ ādīnava,,
3,,Renunciation,,nekkhama,,,,,,,,      Renunciation,nekkhama,Renunciation,Renunciation [nekkhama]
3,,Four Noble Truths,4,cattāri ariya-saccāni,,,,,,,,      Four Noble Truths,cattāri ariya-saccāni,Four Noble Truths,Four Noble Truths [cattāri ariya-saccāni]
4,,Noble Truth of Suffering,,dukkha ariya-sacca,,,,,,,,         Noble Truth of Suffering,dukkha ariya-sacca,Noble Truth of Suffering,Noble Truth of Suffering [dukkha ariya-sacca]
5,,Birth,,jāti,,,,,,,,            Birth,jāti,Birth,Birth [jāti]
5,,Ageing,,jarā,,,,,,,,            Ageing,jarā,Ageing,Ageing [jarā]
5,,Sickness,,byādhi,,,,,,,,            Sickness,byādhi,Sickness,Sickness [byādhi]
5,,Death,,maraṇa,,,,,,,,            Death,maraṇa,Death,Death [maraṇa]
5,,Pain,,dukkha,,,Stress,,,,,            Pain,dukkha,Pain,Pain [dukkha]
5,,Grief,,domanassa,,,Distress,,,,,            Grief,domanassa,Grief,Grief [domanassa]
5,,Five aggregates affected by clinging,,pañcupādānakkhandhā,,,Five clinging-aggregates,,Aggregates,,,            Five aggregates affected by clinging,pañcupādānakkhandhā,,
4,,Noble Truth of the Cause of Suffering,3,dukkha-samudaya ariya-sacca,Cause of Suffering,dukkha-samudayo,,,,Craving,,         Noble Truth of the Cause of Suffering,dukkha-samudayo,Cause of Suffering,Cause of Suffering [dukkha-samudayo]
5,,Craving for sensuality,,kāma-taṇhā,,,,,Sensual desire,,,            Craving for sensuality,kāma-taṇhā,,
5,,Craving to become,,bhava-taṇhā,,,,,Becoming,,,            Craving to become,bhava-taṇhā,,
5,,Craving not to become,,vibhava-taṇhā,,,,,,Becoming,,            Craving not to become,vibhava-taṇhā,Craving not to become,Craving not to become [vibhava-taṇhā]
4,,Noble Truth of the Cessation of Suffering,,dukkha-nirodha ariya-saccaṃ,Cessation of Suffering,dukkha-nirodho,,,,Progress of insight,,         Noble Truth of the Cessation of Suffering,dukkha-nirodho,Cessation of Suffering,Cessation of Suffering [dukkha-nirodho]
5,,Dispassion,,virāga,,,Fading away,,,,,            Dispassion,virāga,Dispassion,Dispassion [virāga]
5,,Cessation,,nirodha,,,Non-arising,,,,,            Cessation,nirodha,Cessation,Cessation [nirodha]
5,,Relinquishment,,paṭinissagga,,,,,,Release,,            Relinquishment,paṭinissagga,Relinquishment,Relinquishment [paṭinissagga]
5,,Release,,vossagga,,,Relinquishment,,,Relinquishment,,            Release,vossagga,Release,Release [vossagga]
5,,Liberation,,vimutti,,,Freedom,,,,,            Liberation,vimutti,Liberation,Liberation [vimutti]
4,,Noble Truth of the Path to the Cessation of Suffering,,dukkha-nirodha-gāminī paṭipadā ariya-sacca,Path to the Cessation of Suffering,dukkha-nirodha-gāminī paṭipadā,,,Eightfold Path,,,         Noble Truth of the Path to the Cessation of Suffering,dukkha-nirodha-gāminī paṭipadā,,
,,,,,,,,,,,,,,,
2,,Questions,,pañhā,,,,,,,,   Questions,pañhā,Questions,Questions [pañhā]
2,,Dhamma discussion,,dhammasākacchā,,,,,,,,   Dhamma discussion,dhammasākacchā,Dhamma discussion,Dhamma discussion [dhammasākacchā]
2,,Mentoring,,,,,,,,,,   Mentoring,,Mentoring,Mentoring
2,,Personal presence,,,,,,,,,,   Personal presence,,Personal presence,Personal presence
2,,Admonishment/feedback,,,,,,Feedback,,,,   Admonishment/feedback,,Admonishment/feedback,Admonishment/feedback
2,,Fierce/direct teaching,,,,,,,,,,   Fierce/direct teaching,,Fierce/direct teaching,Fierce/direct teaching
2,,Stories,,,,,,,,,,   Stories,,Stories,Stories
2,,Similes,,opammā,,,,,,,,   Similes,opammā,Similes,Similes [opammā]
2,,Symbolism,,,,,,,,,,   Symbolism,,Symbolism,Symbolism
2,,Dhamma books,,,,,,,,Learning,,   Dhamma books,,Dhamma books,Dhamma books
3,,Free distribution,,,,,,,,,,      Free distribution,,Free distribution,Free distribution
2,,Dhamma recordings,,,,,,,,,,   Dhamma recordings,,Dhamma recordings,Dhamma recordings
2,,Dhamma online,,,,,,,,,,   Dhamma online,,Dhamma online,Dhamma online
,,,,,,,,,,,,,,,
1,,Teachers,,,,,,,,,,Teachers,,Teachers,Teachers
,,,,,,,,,,,,,,,
2,,Monastic teachers,,,,,,,,,,   Monastic teachers,,Monastic teachers,Monastic teachers
3,P,Thai Forest Tradition,,,,,,,,,,      Thai Forest Tradition,,Thai Forest Tradition,Thai Forest Tradition
4,,Ajahn Sao Kantasīlo,,,Ajahn Sao,,,,,,,         Ajahn Sao Kantasīlo,,Ajahn Sao,Ajahn Sao
4,,Ajahn Mun Bhūridatto,,,Ajahn Mun,,,,,,,         Ajahn Mun Bhūridatto,,Ajahn Mun,Ajahn Mun
4,,Ajahn Chah Subhaddo,,,Ajahn Chah,,,,,,,         Ajahn Chah Subhaddo,,Ajahn Chah,Ajahn Chah
4,P,Ajahn Chah lineage,,,,,,,,,,         Ajahn Chah lineage,,Ajahn Chah lineage,Ajahn Chah lineage
5,PS,Thai Ajahn Chah lineage,,,,,,,,,,            Thai Ajahn Chah lineage,,Thai Ajahn Chah lineage,Thai Ajahn Chah lineage
6,,Ajahn Jun Indavīro,,,Ajahn Jun,,,,,,,               Ajahn Jun Indavīro,,Ajahn Jun,Ajahn Jun
6,,Ajahn Sinuan,,,,,,,,,,               Ajahn Sinuan,,Ajahn Sinuan,Ajahn Sinuan
6,,Ajahn Liem Ṭhitadhammo,,,Ajahn Liem,,,,,,,               Ajahn Liem Ṭhitadhammo,,Ajahn Liem,Ajahn Liem
6,,Ajahn Boon Choo Ṭhitaguṇo,,,Ajahn Boon Choo,,,,,,,               Ajahn Boon Choo Ṭhitaguṇo,,Ajahn Boon Choo,Ajahn Boon Choo
6,,Ajahn Mahā Amorn Khemacitto,,,Ajahn Mahā Amorn,,,,,,,               Ajahn Mahā Amorn Khemacitto,,Ajahn Mahā Amorn,Ajahn Mahā Amorn
,,,,,,,,,,,,,,,
6,,Ajahn Anek Yasadinno,,,Ajahn Anek,,,,,,,               Ajahn Anek Yasadinno,,Ajahn Anek,Ajahn Anek
6,,Ajahn Koon Aggadhammo,,,Ajahn Koon,,,,,,,               Ajahn Koon Aggadhammo,,Ajahn Koon,Ajahn Koon
6,,Ajahn Toon Cattasallo,,,Ajahn Toon,,,,,,,               Ajahn Toon Cattasallo,,Ajahn Toon,Ajahn Toon
6,,Ajahn Gunha Sukhagāmo,,,Ajahn Gunha,,,,,,,               Ajahn Gunha Sukhagāmo,,Ajahn Gunha,Ajahn Gunha
6,,Ajahn Bunjong,,,,,,,,,,               Ajahn Bunjong,,Ajahn Bunjong,Ajahn Bunjong
6,,Ajahn Mahā In,,,,,,,,,,               Ajahn Mahā In,,Ajahn Mahā In,Ajahn Mahā In
6,,Ajahn Somboon Cittapañño,,,Ajahn Somboon,,,,,,,               Ajahn Somboon Cittapañño,,Ajahn Somboon,Ajahn Somboon
6,,Ajahn Dtun Thiracitto,,,Ajahn Dtun,,,,,,,               Ajahn Dtun Thiracitto,,Ajahn Dtun,Ajahn Dtun
6,,Ajahn Anan Akiñcano,,,Ajahn Anan,,,,,,,               Ajahn Anan Akiñcano,,Ajahn Anan,Ajahn Anan
6,,Ajahn Piak Kantasīlo,,,Ajahn Piak,,,,,,,               Ajahn Piak Kantasīlo,,Ajahn Piak,Ajahn Piak
6,,Ajahn Mahā Adisak Dhammābhinando,,,Ajahn Mahā Adisak,,,,,,,               Ajahn Mahā Adisak Dhammābhinando,,Ajahn Mahā Adisak,Ajahn Mahā Adisak
6,,Ajahn Preecha Jutindharo,,,Ajahn Preecha,,,,,,,               Ajahn Preecha Jutindharo,,Ajahn Preecha,Ajahn Preecha
6,,Ajahn Jundee Kantasāro,,,Ajahn Jundee,,,,,,,               Ajahn Jundee Kantasāro,,Ajahn Jundee,Ajahn Jundee
,,,,,,,,,,,,,,,
,,,,,,,,,,,,,,,
6,,Ajahn Mahā Suporn,,,,,,,,,,               Ajahn Mahā Suporn,,Ajahn Mahā Suporn,Ajahn Mahā Suporn
,,,,,,,,,,,,,,,
,,,,,,,,,,,,,,,
,,,,,,,,,,,,,,,
,,,,,,,,,,,,,,,
,,,,,,,,,,,,,,,
,,,,,,,,,,,,,,,
,,,,,,,,,,,,,,,
,,,,,,,,,,,,,,,
,,,,,,,,,,,,,,,
6,,Mae Somchai,,,,,,,,,,               Mae Somchai,,Mae Somchai,Mae Somchai
,,,,,,,,,,,,,,,
5,PS,Western Ajahn Chah lineage,,,,,,,,,,            Western Ajahn Chah lineage,,Western Ajahn Chah lineage,Western Ajahn Chah lineage
6,,Ajahn Sumedho,,,,,,,,,,               Ajahn Sumedho,,Ajahn Sumedho,Ajahn Sumedho
6,,Ajahn Anando,,,,,,,,,,               Ajahn Anando,,Ajahn Anando,Ajahn Anando
6,,Ajahn Puriso,,,,,,,,,,               Ajahn Puriso,,Ajahn Puriso,Ajahn Puriso
6,,Ajahn Pasanno,,,,,,,,,,               Ajahn Pasanno,,Ajahn Pasanno,Ajahn Pasanno
6,,Ajahn Viradhammo,,,,,,,,,,               Ajahn Viradhammo,,Ajahn Viradhammo,Ajahn Viradhammo
6,,Ajahn Tiradhammo,,,,,,,,,,               Ajahn Tiradhammo,,Ajahn Tiradhammo,Ajahn Tiradhammo
6,,Ajahn Khemadhammo,,,,,,,,,,               Ajahn Khemadhammo,,Ajahn Khemadhammo,Ajahn Khemadhammo
6,,Ajahn Jāgaro,,,,,,,,,,               Ajahn Jāgaro,,Ajahn Jāgaro,Ajahn Jāgaro
6,,Ajahn Brahmavaṃso,,,,,,,,,,               Ajahn Brahmavaṃso,,Ajahn Brahmavaṃso,Ajahn Brahmavaṃso
6,,Ajahn Munindo,,,,,,,,,,               Ajahn Munindo,,Ajahn Munindo,Ajahn Munindo
6,,Ajahn Vajiro,,,,,,,,,,               Ajahn Vajiro,,Ajahn Vajiro,Ajahn Vajiro
6,,Ajahn Kalyāṇo,,,,,,,,,,               Ajahn Kalyāṇo,,Ajahn Kalyāṇo,Ajahn Kalyāṇo
,,,,,,,,,,,,,,,
6,,Ajahn Kusalo,,,,,,,,,,               Ajahn Kusalo,,Ajahn Kusalo,Ajahn Kusalo
,,,,,,,,,,,,,,,
6,,Ajahn Siripañño,,,,,,,,,,               Ajahn Siripañño,,Ajahn Siripañño,Ajahn Siripañño
6,,Ajahn Kevali,,,,,,,,,,               Ajahn Kevali,,Ajahn Kevali,Ajahn Kevali
6,,Ajahn Pavaro,,,,,,,,,,               Ajahn Pavaro,,Ajahn Pavaro,Ajahn Pavaro
,,,,,,,,,,,,,,,
,,,,,,,,,,,,,,,
6,,Ajahn Sucitto,,,,,,,,,,               Ajahn Sucitto,,Ajahn Sucitto,Ajahn Sucitto
,,,,,,,,,,,,,,,
6,,Ajahn Ñāṇadhammo,,,,,,,,,,               Ajahn Ñāṇadhammo,,Ajahn Ñāṇadhammo,Ajahn Ñāṇadhammo
6,,Ajahn Soṇa,,,,,,,,,,               Ajahn Soṇa,,Ajahn Soṇa,Ajahn Soṇa
6,,Ajahn Gavesako,,,,,,,,,,               Ajahn Gavesako,,Ajahn Gavesako,Ajahn Gavesako
6,,Ajahn Amaro,,,,,,,,,,               Ajahn Amaro,,Ajahn Amaro,Ajahn Amaro
6,,Ajahn Jayasaro,,,,,,,,,,               Ajahn Jayasaro,,Ajahn Jayasaro,Ajahn Jayasaro
6,,Ajahn Visuddhi,,,,,,,,,,               Ajahn Visuddhi,,Ajahn Visuddhi,Ajahn Visuddhi
,,,,,,,,,,,,,,,
,,,,,,,,,,,,,,,
6,,Ajahn Jayanto,,,,,,,,,,               Ajahn Jayanto,,Ajahn Jayanto,Ajahn Jayanto
6,,Ajahn Yatiko,,,,,,,,,,               Ajahn Yatiko,,Ajahn Yatiko,Ajahn Yatiko
6,,Ajahn Achalo,,,,,,,,,,               Ajahn Achalo,,Ajahn Achalo,Ajahn Achalo
6,,Ajahn Sudanto,,,,,,,,,,               Ajahn Sudanto,,Ajahn Sudanto,Ajahn Sudanto
6,,Ajahn Karuṇadhammo,,,,,,,,,,               Ajahn Karuṇadhammo,,Ajahn Karuṇadhammo,Ajahn Karuṇadhammo
6,,Ajahn Jotipālo,,,,,,,,,,               Ajahn Jotipālo,,Ajahn Jotipālo,Ajahn Jotipālo
6,,Ajahn Ñāṇiko,,,,,,,,,,               Ajahn Ñāṇiko,,Ajahn Ñāṇiko,Ajahn Ñāṇiko
6,,Ajahn Kassapo,,,,,,,,,,               Ajahn Kassapo,,Ajahn Kassapo,Ajahn Kassapo
6,,Ajahn Cunda,,,,,,,,,,               Ajahn Cunda,,Ajahn Cunda,Ajahn Cunda
6,,Ajahn Kaccāna,,,,,,,,,,               Ajahn Kaccāna,,Ajahn Kaccāna,Ajahn Kaccāna
6,,Ajahn Ṭhitapañño,,,,,,,,,,               Ajahn Ṭhitapañño,,Ajahn Ṭhitapañño,Ajahn Ṭhitapañño
6,,Ajahn Kovilo,,,,,,,,,,               Ajahn Kovilo,,Ajahn Kovilo,Ajahn Kovilo
6,,Ajahn Sudhīro,,,,,,,,,,               Ajahn Sudhīro,,Ajahn Sudhīro,Ajahn Sudhīro
6,,Ajahn Pesalo,,,,,,,,,,               Ajahn Pesalo,,Ajahn Pesalo,Ajahn Pesalo
,,,,,,,,,,,,,,,
,,,,,,,,,,,,,,,
,,,,,,,,,,,,,,,
6,,Ajahn Sundarā,,,,,,,,,,               Ajahn Sundarā,,Ajahn Sundarā,Ajahn Sundarā
6,,Ajahn Jitindriyā,,,,,,,,,,               Ajahn Jitindriyā,,Ajahn Jitindriyā,Ajahn Jitindriyā
6,,Mae Chee Kumfah,,,,,,,,,,               Mae Chee Kumfah,,Mae Chee Kumfah,Mae Chee Kumfah
4,h,Other Thai Forest teachers,,,,,,,,,,         Other Thai Forest teachers,,Other Thai Forest teachers,Other Thai Forest teachers
5,.PSh,Thai teachers,,,,,,,,,,            Thai teachers,,,
6,,Ajahn Lee Dhammadharo,,,,,,,,,,               Ajahn Lee Dhammadharo,,Ajahn Lee Dhammadharo,Ajahn Lee Dhammadharo
6,,Ajahn Dee,,,,,,,,,,               Ajahn Dee,,Ajahn Dee,Ajahn Dee
6,,Ajahn Phut,,,,,,,,,,               Ajahn Phut,,Ajahn Phut,Ajahn Phut
6,,Ajahn Gi Dhammuttamo,,,Ajahn Gi,,,,,,,               Ajahn Gi Dhammuttamo,,Ajahn Gi,Ajahn Gi
6,,Ajahn Puth Thaniyo,,,Ajahn Puth,,,,,,,               Ajahn Puth Thaniyo,,Ajahn Puth,Ajahn Puth
6,,Ajahn Jia Cundo,,,Ajahn Jia,,,,,,,               Ajahn Jia Cundo,,Ajahn Jia,Ajahn Jia
6,,Ajahn Sanong Katapuñño,,,Ajahn Sanong,,,,,,,               Ajahn Sanong Katapuñño,,Ajahn Sanong,Ajahn Sanong
6,,Ajahn Sim Buddhacaro,,,Ajahn Sim,,,,,,,               Ajahn Sim Buddhacaro,,Ajahn Sim,Ajahn Sim
6,,Ajahn Chorp Ṭhānasamo,,,Ajahn Chorp,,,,,,,               Ajahn Chorp Ṭhānasamo,,Ajahn Chorp,Ajahn Chorp
6,,Ajahn Teean Cittasubho,,,Ajahn Teean,,,,,,,               Ajahn Teean Cittasubho,,Ajahn Teean,Ajahn Teean
6,,Ajahn Waen Suciṇṇo,,,Ajahn Waen,,,,,,,               Ajahn Waen Suciṇṇo,,Ajahn Waen,Ajahn Waen
6,,Ajahn Tongrat Kantasīlo,,,Ajahn Tongrat,,,,,,,               Ajahn Tongrat Kantasīlo,,Ajahn Tongrat,Ajahn Tongrat
6,,Ajahn Kinaree Candiyo,,,Ajahn Kinaree,,,,,,,               Ajahn Kinaree Candiyo,,Ajahn Kinaree,Ajahn Kinaree
6,,Ajahn Fun Ācāro,,,Ajahn Fun,,,,,,,               Ajahn Fun Ācāro,,Ajahn Fun,Ajahn Fun
6,,Ajahn Dune Atulo,,,Ajahn Dune,,,,,,,               Ajahn Dune Atulo,,Ajahn Dune,Ajahn Dune
6,,Ajahn Utane Kalyāno,,,Ajahn Utane,,,,,,,               Ajahn Utane Kalyāno,,Ajahn Utane,Ajahn Utane
6,,Ajahn Supah Kantasīlo,,,Ajahn Supah,,,,,,,               Ajahn Supah Kantasīlo,,Ajahn Supah,Ajahn Supah
6,,Ajahn Mahā Boowa Ñāṇasampanno,,,Ajahn Mahā Boowa,,,,,,,               Ajahn Mahā Boowa Ñāṇasampanno,,Ajahn Mahā Boowa,Ajahn Mahā Boowa
6,,Ajahn Baen Dhanākaro,,,Ajahn Baen,,,,,,,               Ajahn Baen Dhanākaro,,Ajahn Baen,Ajahn Baen
6,,Ajahn Jumnien,,,,,,,,,,               Ajahn Jumnien,,Ajahn Jumnien,Ajahn Jumnien
6,,Ajahn Plien Paññapatipo,,,Ajahn Plien,,,,,,,               Ajahn Plien Paññapatipo,,Ajahn Plien,Ajahn Plien
6,,Ajahn Tate Desaransi,,,Ajahn Tate,,,,,,,               Ajahn Tate Desaransi,,Ajahn Tate,Ajahn Tate
6,,Ajahn Khao Anālayo,,,Ajahn Khao,,,,,,,               Ajahn Khao Anālayo,,Ajahn Khao,Ajahn Khao
6,,Ajahn Mahā Chatchai,,,,,,,,,,               Ajahn Mahā Chatchai,,Ajahn Mahā Chatchai,Ajahn Mahā Chatchai
6,,Ajahn Buddhadāsa Indapañño,,,Ajahn Buddhadāsa,,,,,,,               Ajahn Buddhadāsa Indapañño,,Ajahn Buddhadāsa,Ajahn Buddhadāsa
6,,Ajahn Paññānanda Padumuttaro,,,Ajahn Paññānanda,,,,,,,               Ajahn Paññānanda Padumuttaro,,Ajahn Paññānanda,Ajahn Paññānanda
6,,Ajahn Samwong,,,,,,,,,,               Ajahn Samwong,,Ajahn Samwong,Ajahn Samwong
6,,Ajahn Suwat Suvaco,,,Ajahn Suwat,,,,,,,               Ajahn Suwat Suvaco,,Ajahn Suwat,Ajahn Suwat
6,,Ajahn Wanchai Vicitto,,,Ajahn Wanchai,,,,,,,               Ajahn Wanchai Vicitto,,Ajahn Wanchai,Ajahn Wanchai
6,,Ajahn Fuang Jotiko,,,Ajahn Fuang,,,,,,,               Ajahn Fuang Jotiko,,Ajahn Fuang,Ajahn Fuang
6,,Mae Chee Kaew,,,,,,,,,,               Mae Chee Kaew,,Mae Chee Kaew,Mae Chee Kaew
6,,Mae Chee Sansanee,,,,,,,,,,               Mae Chee Sansanee,,Mae Chee Sansanee,Mae Chee Sansanee
5,.PSh,Western teachers,,,,,,,,,,            Western teachers,,,
,,,,,,,,,,,,,,,
6,,Ajahn Khantipālo,,,,,,,,,,               Ajahn Khantipālo,,Ajahn Khantipālo,Ajahn Khantipālo
6,,Ajahn Paññāvaḍḍho,,,,,,,,,,               Ajahn Paññāvaḍḍho,,Ajahn Paññāvaḍḍho,Ajahn Paññāvaḍḍho
6,,Ajahn Piyadhammo,,,,,,,,,,               Ajahn Piyadhammo,,Ajahn Piyadhammo,Ajahn Piyadhammo
,,,,,,,,,,,,,,,
6,,Ajahn Ṭhānissaro,,,,,,,,,,               Ajahn Ṭhānissaro,,Ajahn Ṭhānissaro,Ajahn Ṭhānissaro
,,,,,,,,,,,,,,,
,,,,,,,,,,,,,,,
3,PS,Other Thai monastics,,,,,,,,,,      Other Thai monastics,,Other Thai monastics,Other Thai monastics
4,,Ajahn Vajirayan Vajirañāno,,,Ajahn Vajirayan,,,King Mongut (Rama IV),,,,         Ajahn Vajirayan Vajirañāno,,Ajahn Vajirayan,Ajahn Vajirayan
4,,Somdet Phra Vajirañāṇavarorasa,,,Somdet Vajirañāṇavarorasa,,,,,,,         Somdet Phra Vajirañāṇavarorasa,,Somdet Vajirañāṇavarorasa,Somdet Vajirañāṇavarorasa
4,,Tan Chao Khun Upāli Guṇūpamājahn,,,Chao Khun Upāli,,,,,,,         Tan Chao Khun Upāli Guṇūpamājahn,,Chao Khun Upāli,Chao Khun Upāli
4,,Chao Khun Nor,,,,,,,,,,         Chao Khun Nor,,Chao Khun Nor,Chao Khun Nor
4,,Tan Chao Khun Prayoon Dhammacitto,,,Chao Khun Prayoon,,,,,,,         Tan Chao Khun Prayoon Dhammacitto,,Chao Khun Prayoon,Chao Khun Prayoon
4,,P. A. Payutto,,,,,,Somdet Phra Buddhaghosacariya,,,,         P. A. Payutto,,P. A. Payutto,P. A. Payutto
4,,Ajahn Mahā Prasert,,,,,,,,,,         Ajahn Mahā Prasert,,Ajahn Mahā Prasert,Ajahn Mahā Prasert
3,PS,Other Theravāda monastics,,,,,,,,,,      Other Theravāda monastics,,Other Theravāda monastics,Other Theravāda monastics
4,,Mahasi Sayadaw,,,,,,,,,,         Mahasi Sayadaw,,Mahasi Sayadaw,Mahasi Sayadaw
4,,Venerable Ñāṇatiloka,,,Ven. Ñāṇatiloka,,,,,,,         Venerable Ñāṇatiloka,,Ven. Ñāṇatiloka,Ven. Ñāṇatiloka
4,,Venerable Ñāṇamoli,,,Ven. Ñāṇamoli,,,,,,,         Venerable Ñāṇamoli,,Ven. Ñāṇamoli,Ven. Ñāṇamoli
4,,Pa Auk Sayadaw,,,,,,,,,,         Pa Auk Sayadaw,,Pa Auk Sayadaw,Pa Auk Sayadaw
4,,Preah Mahāghosānanda,,,,,,,,,,         Preah Mahāghosānanda,,Preah Mahāghosānanda,Preah Mahāghosānanda
4,,Bhante Gunaratana,,,,,,,,,,         Bhante Gunaratana,,Bhante Gunaratana,Bhante Gunaratana
4,,Bhikkhu Bodhi,,,,,,,,,,         Bhikkhu Bodhi,,Bhikkhu Bodhi,Bhikkhu Bodhi
4,,Venerable Analayo,,,Ven. Analayo,,,,,,,         Venerable Analayo,,Ven. Analayo,Ven. Analayo
4,,Ayya Tathālokā,,,,,,,,,,         Ayya Tathālokā,,Ayya Tathālokā,Ayya Tathālokā
4,,Dr. Hammalawa Saddhatissa,,,Dr. Saddhatissa,,,,,,,         Dr. Hammalawa Saddhatissa,,Dr. Saddhatissa,Dr. Saddhatissa
4,,Bhante Yogavacara Rahula,,,Bhante Rahula,,,,,,,         Bhante Yogavacara Rahula,,Bhante Rahula,Bhante Rahula
4,,Bhante Dharmawara,,,,,,,,,,         Bhante Dharmawara,,Bhante Dharmawara,Bhante Dharmawara
4,,Taungpulu Sayadaw,,,,,,,,,,         Taungpulu Sayadaw,,Taungpulu Sayadaw,Taungpulu Sayadaw
,,,,,,,,,,,,,,,
,,,,,,,,,,,,,,,
,,,,,,,,,,,,,,,
3,PS,Mahāyāna monastics,,,,,,,,,,      Mahāyāna monastics,,Mahāyāna monastics,Mahāyāna monastics
4,,Dōgen,,,,,,,,,,         Dōgen,,Dōgen,Dōgen
4,,Master Hsu Yun,,,,,,,,,,         Master Hsu Yun,,Master Hsu Yun,Master Hsu Yun
4,,Master Hsuan Hua,,,,,,,,,,         Master Hsuan Hua,,Master Hsuan Hua,Master Hsuan Hua
4,,The Dalai Lama,,,Dalai Lama,,,,,,,         The Dalai Lama,,Dalai Lama,Dalai Lama
4,,Reverend Heng Sure,,,Rev. Heng Sure,,,,,,,         Reverend Heng Sure,,Rev. Heng Sure,Rev. Heng Sure
4,,Dharma Master Heng Shun,,,Heng Shun,,,,,,,         Dharma Master Heng Shun,,Heng Shun,Heng Shun
4,,Trulshik Rinpoche,,,,,,,,,,         Trulshik Rinpoche,,Trulshik Rinpoche,Trulshik Rinpoche
4,,Lama Zopa Rinpoche,,,Lama Zopa,,,,,,,         Lama Zopa Rinpoche,,Lama Zopa,Lama Zopa
4,,Harata Rōshi,,,,,,,,,,         Harata Rōshi,,Harata Rōshi,Harata Rōshi
4,,Dharma Master Heng Lyu,,,Heng Lyu,,,,,,,         Dharma Master Heng Lyu,,Heng Lyu,Heng Lyu
4,,Thubten Chodron,,,,,,,,,,         Thubten Chodron,,Thubten Chodron,Thubten Chodron
4,,Master Xuanzang,,,,,,,,,,         Master Xuanzang,,Master Xuanzang,Master Xuanzang
,,,,,,,,,,,,,,,
3,P,Christian monastics,,,,,,,,,,      Christian monastics,,Christian monastics,Christian monastics
4,,Father Boniface,,,,,,,,,,         Father Boniface,,Father Boniface,Father Boniface
4,,Father Damien,,,,,,,,,,         Father Damien,,Father Damien,Father Damien
,,,,,,,,,,,,,,,
2,PS,Lay teachers,,,,,,,,,,   Lay teachers,,Lay teachers,Lay teachers
3,,Mahatma Gandhi,,,,,,,,,,      Mahatma Gandhi,,Mahatma Gandhi,Mahatma Gandhi
3,,Upasikā Kee Nanayon,,,,,,,,,,      Upasikā Kee Nanayon,,Upasikā Kee Nanayon,Upasikā Kee Nanayon
3,,S. N. Goenka,,,,,,,,,,      S. N. Goenka,,S. N. Goenka,S. N. Goenka
,,,,,,,,,,,,,,,
3,,Krishnamurti,,,,,,,,,,      Krishnamurti,,Krishnamurti,Krishnamurti
,,,,,,,,,,,,,,,
3,,Maurice Walsh,,,,,,,,,,      Maurice Walsh,,Maurice Walsh,Maurice Walsh
3,,Dipa Ma,,,,,,,,,,      Dipa Ma,,Dipa Ma,Dipa Ma
3,,Ruth Denison,,,,,,,,,,      Ruth Denison,,Ruth Denison,Ruth Denison
3,,Ram Dass,,,,,,,,,,      Ram Dass,,Ram Dass,Ram Dass
3,,Jack Kornfield,,,,,,,,,,      Jack Kornfield,,Jack Kornfield,Jack Kornfield
3,,Paul Breiter,,,,,,,,,,      Paul Breiter,,Paul Breiter,Paul Breiter
3,,Joseph Kappel,,,,,,,,,,      Joseph Kappel,,Joseph Kappel,Joseph Kappel
3,,Larry Rosenberg,,,,,,,,,,      Larry Rosenberg,,Larry Rosenberg,Larry Rosenberg
3,,Rodney Smith,,,,,,,,,,      Rodney Smith,,Rodney Smith,Rodney Smith
3,,Joseph Goldstein,,,,,,,,,,      Joseph Goldstein,,Joseph Goldstein,Joseph Goldstein
3,,Stephen Levine,,,,,,,,,,      Stephen Levine,,Stephen Levine,Stephen Levine
,,,,,,,,,,,,,,,
3,,Kittisaro,,,,,,,,,,      Kittisaro,,Kittisaro,Kittisaro
3,,Ṭhānissarā,,,,,,,,,,      Ṭhānissarā,,Ṭhānissarā,Ṭhānissarā
3,,Debbie Stamp,,,,,,,,,,      Debbie Stamp,,Debbie Stamp,Debbie Stamp
3,,Nick Scott,,,,,,,,,,      Nick Scott,,Nick Scott,Nick Scott
2,PS,Lay supporters,,,,,,,,,,   Lay supporters,,Lay supporters,Lay supporters
3,,King Bhumibol Adulyadej (Rama IX),,,King Rama IX,,,,,,,      King Bhumibol Adulyadej (Rama IX),,King Rama IX,King Rama IX
3,,George Sharp,,,,,,,,,,      George Sharp,,George Sharp,George Sharp
,,,,,,,,,,,,,,,
3,*,Saṅghapāla Foundation,,,Saṅghapāla,,,,,,,      Saṅghapāla Foundation,,Saṅghapāla,Saṅghapāla
3,,Community of Abhayagiri Lay Ministers,,,CALM Group,,,,,,,      Community of Abhayagiri Lay Ministers,,CALM Group,CALM Group
,,,,,,,,,,,,,,,
,,,,,,,,,,,,,,,
,,,,,,,,,,,,,,,
1,,Monasteries,,,,,,,,,,Monasteries,,Monasteries,Monasteries
2,,Ajahn Chah monasteries,,,,,,,,,,   Ajahn Chah monasteries,,Ajahn Chah monasteries,Ajahn Chah monasteries
3,PS,Thai Ajahn Chah monasteries,,,,,,,,,,      Thai Ajahn Chah monasteries,,Thai Ajahn Chah monasteries,Thai Ajahn Chah monasteries
4,,Wat Nong Pah Pong,,,Wat Pah Pong,,,,,Ajahn Chah,,         Wat Nong Pah Pong,,Wat Pah Pong,Wat Pah Pong
4,,Wat Tam Saeng Pet,,,,,,,,,,         Wat Tam Saeng Pet,,Wat Tam Saeng Pet,Wat Tam Saeng Pet
4,,Wat Keuan,,,,,,,,,,         Wat Keuan,,Wat Keuan,Wat Keuan
4,,Wat Pah Nanachat,,,,,,,,,,         Wat Pah Nanachat,,Wat Pah Nanachat,Wat Pah Nanachat
4,,Wat Fah Krahm,,,,,,,,,,         Wat Fah Krahm,,Wat Fah Krahm,Wat Fah Krahm
4,,Wat Pah Supattaram,,,,,,,,,,         Wat Pah Supattaram,,Wat Pah Supattaram,Wat Pah Supattaram
4,,Wat Pahk Kut Wai,,,,,,,,,,         Wat Pahk Kut Wai,,Wat Pahk Kut Wai,Wat Pahk Kut Wai
4,,Wat Pah Boon Lorm,,,,,,,,,,         Wat Pah Boon Lorm,,Wat Pah Boon Lorm,Wat Pah Boon Lorm
4,,Wat Phu Din Dang,,,,,,,,,,         Wat Phu Din Dang,,Wat Phu Din Dang,Wat Phu Din Dang
4,,Dtao Dtum Monastery,,,Dtao Dum,,,,,,,         Dtao Dtum Monastery,,Dtao Dum,Dtao Dum
4,,Poo Jum Gom Monastery,,,Poo Jum Gom,,,,,,,         Poo Jum Gom Monastery,,Poo Jum Gom,Poo Jum Gom
4,,Anandagiri Monastery,,,Anandagiri,,,,,,,         Anandagiri Monastery,,Anandagiri,Anandagiri
,,,,,,,,,,,,,,,
,,,,,,,,,,,,,,,
,,,,,,,,,,,,,,,
,,,,,,,,,,,,,,,
,,,,,,,,,,,,,,,
,,,,,,,,,,,,,,,
,,,,,,,,,,,,,,,
,,,,,,,,,,,,,,,
3,PS,Western Ajahn Chah monasteries,,,,,,,,,,      Western Ajahn Chah monasteries,,Western Ajahn Chah monasteries,Western Ajahn Chah monasteries
4,PS,Elders' Council monasteries,,,Elders' Council,,,,,,,         Elders' Council monasteries,,Elders' Council,Elders' Council
5,,Cittaviveka Monastery,,,Chithurst,,,,,,,            Cittaviveka Monastery,,Chithurst,Chithurst
5,,Amaravati Monastery,,,Amaravati,,,,,,,            Amaravati Monastery,,Amaravati,Amaravati
5,,Aruna Ratanagiri Monastery,,,Aruna Ratanagiri,,,,,,,            Aruna Ratanagiri Monastery,,Aruna Ratanagiri,Aruna Ratanagiri
5,,Kloster Dhammapala,,,Dhammapala,,,,,,,            Kloster Dhammapala,,Dhammapala,Dhammapala
5,,Temple Forest Monastery,,,Temple Monastery,,,,,,,            Temple Forest Monastery,,Temple Monastery,Temple Monastery
,,,,,,,,,,,,,,,
4,,Tisarana Monastery,,,Tisarana,,,,,,,         Tisarana Monastery,,Tisarana,Tisarana
4,,Arrow River Forest Hermitage,,,Arrow River,,,,,,,         Arrow River Forest Hermitage,,Arrow River,Arrow River
4,,Abhayagiri Monastery,,,Abhayagiri,,,,,,,         Abhayagiri Monastery,,Abhayagiri,Abhayagiri
5,p,Saṅghapāla Foundation,,,Saṅghapāla,,,,,,,            Saṅghapāla Foundation,,Saṅghapāla,Saṅghapāla
4,,Pacific Hermitage,,,,,,,,,,         Pacific Hermitage,,Pacific Hermitage,Pacific Hermitage
,,,,,,,,,,,,,,,
,,,,,,,,,,,,,,,
,,,,,,,,,,,,,,,
,,,,,,,,,,,,,,,
,,,,,,,,,,,,,,,
,,,,,,,,,,,,,,,
2,PS,Other Thai forest monasteries,,,,,,,,,,   Other Thai forest monasteries,,Other Thai forest monasteries,Other Thai forest monasteries
3,,Wat Khao Wongkot,,,,,,,,,,      Wat Khao Wongkot,,Wat Khao Wongkot,Wat Khao Wongkot
3,,Wat Asokaram,,,,,,,,Ajahn Lee Dhammadharo,,      Wat Asokaram,,Wat Asokaram,Wat Asokaram
3,,Wat Pah Ban Tat,,,,,,,,Ajahn Mahā Boowa,,      Wat Pah Ban Tat,,Wat Pah Ban Tat,Wat Pah Ban Tat
3,,Wat Suan Mokkh,,,,,,,,Ajahn Buddhadāsa,,      Wat Suan Mokkh,,Wat Suan Mokkh,Wat Suan Mokkh
3,,Wat Burapha,,,,,,,,Ajahn Dune,,      Wat Burapha,,Wat Burapha,Wat Burapha
3,,Wat Phleng Vipassanā,,,,,,,,,,      Wat Phleng Vipassanā,,Wat Phleng Vipassanā,Wat Phleng Vipassanā
2,PS,Thai Forest monasteries in the West,,,,,,,,,,   Thai Forest monasteries in the West,,Thai Forest monasteries in the West,Thai Forest monasteries in the West
3,,Wat Buridat,,,,,,,,,,      Wat Buridat,,Wat Buridat,Wat Buridat
3,,Wat Metta,,,,,,,,,,      Wat Metta,,Wat Metta,Wat Metta
,,,,,,,,,,,,,,,
,,,,,,,,,,,,,,,
2,PS,Non-Thai Buddhist monasteries,,,,,,,,,,   Non-Thai Buddhist monasteries,,Non-Thai Buddhist monasteries,Non-Thai Buddhist monasteries
3,,City of Ten Thousand Buddhas,,,,,,,,,,      City of Ten Thousand Buddhas,,City of Ten Thousand Buddhas,City of Ten Thousand Buddhas
3,,Gold Mountain Monastery,,,,,,,,,,      Gold Mountain Monastery,,Gold Mountain Monastery,Gold Mountain Monastery
3,,Three Conditions Monastery,,,,,,,,,,      Three Conditions Monastery,,Three Conditions Monastery,Three Conditions Monastery
3,,Abhayagiri Monastery (Sri Lanka),,,Abhayagiri (Sri Lanka),,,,,,,      Abhayagiri Monastery (Sri Lanka),,Abhayagiri (Sri Lanka),Abhayagiri (Sri Lanka)
,,,,,,,,,,,,,,,
,,,,,,,,,,,,,,,
3,,Dhammadharini Monastery,,,,,,,,,,      Dhammadharini Monastery,,Dhammadharini Monastery,Dhammadharini Monastery
3,,Aranya Bodhi Hermitage,,,,,,,,,,      Aranya Bodhi Hermitage,,Aranya Bodhi Hermitage,Aranya Bodhi Hermitage
3,,Karuna Buddhist Vihara,,,,,,,,,,      Karuna Buddhist Vihara,,Karuna Buddhist Vihara,Karuna Buddhist Vihara
,,,,,,,,,,,,,,,
2,P,Christian monasteries,,,,,,,,,,   Christian monasteries,,Christian monasteries,Christian monasteries
3,,Holy Transfiguration Monastery,,,,,,Mount Tabor Monastery,,,,      Holy Transfiguration Monastery,,Holy Transfiguration Monastery,Holy Transfiguration Monastery
,,,,,,,,,,,,,,,
,,,,,,,,,,,,,,,
2,PS,Non-monastic centers,,,,,,,,,,   Non-monastic centers,,Non-monastic centers,Non-monastic centers
3,,Insight Meditation Society,,,,,,,,,,      Insight Meditation Society,,Insight Meditation Society,Insight Meditation Society
3,,Spirit Rock Meditation Center,,,Spirit Rock,,,,,,,      Spirit Rock Meditation Center,,Spirit Rock,Spirit Rock
3,,Panyaprateep School,,,,,,,,,,      Panyaprateep School,,Panyaprateep School,Panyaprateep School
3,,Manjushri Institute,,,,,,,,,,      Manjushri Institute,,Manjushri Institute,Manjushri Institute
,,,,,,,,,,,,,,,
1,,Nature of the cosmos,,,,,,,,,,Nature of the cosmos,,Nature of the cosmos,Nature of the cosmos
2,,Time,,kāla,,,,,,,,   Time,kāla,Time,Time [kāla]
2,,,,Kamma,,,,vipāka <em>Pāli</em>,,,,   Kamma,,Kamma,Kamma
2,,Rebirth,,,,,,,,,,   Rebirth,,Rebirth,Rebirth
2,,,,Saṃsāra,,,,,,,,   Saṃsāra,,Saṃsāra,Saṃsāra
2,,Realms of existence,5,,,,,,,,,   Realms of existence,,Realms of existence,Realms of existence
3,,,,Deva,,,,,,,,      Deva,,Deva,Deva
3,,Human,,manussa,,,,,,,,      Human,manussa,Human,Human [manussa]
3,,Ghost,,peta,,,,,,,,      Ghost,peta,Ghost,Ghost [peta]
3,,Animal,,tiracchāna,,,,,,,,      Animal,tiracchāna,Animal,Animal [tiracchāna]
3,,Hell,,niraya,,,,,,,,      Hell,niraya,Hell,Hell [niraya]
2,.,Other beings,,,,,,,,,,   Other beings,,,
3,,God,,,,,,,,,,      God,,God,God
3,Cp,,,Māra,,,,,,,,      Māra,,Māra,Māra
3,,Non-human beings,,amanussa,,,,,,,,      Non-human beings,amanussa,Non-human beings,Non-human beings [amanussa]
2,,Nature of mind,,,,,,,,Heart/mind,,   Nature of mind,,Nature of mind,Nature of mind
3,,Memory,,sati,,,,,,,,      Memory,sati,Memory,Memory [sati]
3,,Moods of the mind,,Arom kong git <em>Thai</em>,,,,,,,,      Moods of the mind,Arom kong git <em>Thai</em>,Moods of the mind,Moods of the mind [Arom kong git <em>Thai</em>]
3,,Dreams,,supinā,,,,,,,,      Dreams,supinā,Dreams,Dreams [supinā]
3,,Psychic powers,,iddhi,,,,,,,,      Psychic powers,iddhi,Psychic powers,Psychic powers [iddhi]
2,,Supernatural,,,,,,,,,,   Supernatural,,Supernatural,Supernatural
2,*C,,,Nibbāna,,,Unbinding,,,,,   Nibbāna,,Nibbāna,Nibbāna
3,,The Deathless,,amata,Deathless,,,,,,,      The Deathless,amata,Deathless,Deathless [amata]
3,,Unestablished consciousness,,appatiṭṭhitaṁ viññāṇaṁ,,,,Signless consciousness;viññāṇaṁ anidassanaṁ <em>Pāli</em>,,,,      Unestablished consciousness,appatiṭṭhitaṁ viññāṇaṁ,Unestablished consciousness,Unestablished consciousness [appatiṭṭhitaṁ viññāṇaṁ]
3,,The Unconditioned/Ultimate Truth,,asaṅkhata,Unconditioned,,,Ultimate Truth; Vimut <em>Thai</em>,,,,      The Unconditioned/Ultimate Truth,asaṅkhata,Unconditioned,Unconditioned [asaṅkhata]
,,,,,,,,,,,,,,,
,,,,,,,,,,,,,,,
,,,,,,,,,,,,,,,
,,,,,,,,,,,,,,,
1,P,History,,,,,,,,,,History,,History,History
2,*,Buddha/Biography,,,,,,,,,,   Buddha/Biography,,Buddha/Biography,Buddha/Biography
2,,Great disciples,,,,,,,,,,   Great disciples,,Great disciples,Great disciples
,,,,,,,,,,,,,,,
,,,,,,,,,,,,,,,
2,,History/Early Buddhism,,,,,,,,,,   History/Early Buddhism,,History/Early Buddhism,History/Early Buddhism
2,,History/Indian Buddhism,,,,,,,,,,   History/Indian Buddhism,,History/Indian Buddhism,History/Indian Buddhism
2,,History/Sri Lankan Buddhism,,,,,,,,,,   History/Sri Lankan Buddhism,,History/Sri Lankan Buddhism,History/Sri Lankan Buddhism
2,,History/Thai Buddhism,,,,,,,,,,   History/Thai Buddhism,,History/Thai Buddhism,History/Thai Buddhism
2,,History/Other Theravāda traditions,,,,,,,,,,   History/Other Theravāda traditions,,History/Other Theravāda traditions,History/Other Theravāda traditions
,,,,,,,,,,,,,,,
2,,History/Mahāyāna Buddhism,,,,,,,,,,   History/Mahāyāna Buddhism,,History/Mahāyāna Buddhism,History/Mahāyāna Buddhism
2,,History/America,,,,,,,,,,   History/America,,History/America,History/America
2,,History/Western Buddhism,,,,,,,,,,   History/Western Buddhism,,History/Western Buddhism,History/Western Buddhism
3,p,History/Western Buddhist monasticism,,,,,,,,,,      History/Western Buddhist monasticism,,History/Western Buddhist monasticism,History/Western Buddhist monasticism
2,,Geography/India,,,,,,,,,,   Geography/India,,Geography/India,Geography/India
2,,Geography/Thailand,,,,,,,,,,   Geography/Thailand,,Geography/Thailand,Geography/Thailand
,,,,,,,,,,,,,,,
1,,Cultural context,,,,,,,,,,Cultural context,,Cultural context,Cultural context
2,p,Culture/Natural environment,,,,,,,,,,   Culture/Natural environment,,Culture/Natural environment,Culture/Natural environment
2,p,Culture/Asia,,,,,,,,,,   Culture/Asia,,Culture/Asia,Culture/Asia
2,p,Culture/India,,,,,,,,,,   Culture/India,,Culture/India,Culture/India
2,p,Culture/Sri Lanka,,,,,,,,,,   Culture/Sri Lanka,,Culture/Sri Lanka,Culture/Sri Lanka
2,p,Culture/Thailand,,,,,,,,,,   Culture/Thailand,,Culture/Thailand,Culture/Thailand
2,,Culture/Other Theravāda traditions,,,,,,,,,,   Culture/Other Theravāda traditions,,Culture/Other Theravāda traditions,Culture/Other Theravāda traditions
2,p,Culture/Native American,,,,,,,,,,   Culture/Native American,,Culture/Native American,Culture/Native American
2,p,Culture/West,,,,,,,,,,   Culture/West,,Culture/West,Culture/West
2,,Women in Buddhism,,,,,,,,,,   Women in Buddhism,,Women in Buddhism,Women in Buddhism
3,,Women's monastic forms,,,,,,,,,,      Women's monastic forms,,Women's monastic forms,Women's monastic forms
4,,,,Bhikkhunī,,,,,,,,         Bhikkhunī,,Bhikkhunī,Bhikkhunī
4,,,,Sīladharā,,,,,,,,         Sīladharā,,Sīladharā,Sīladharā
4,,,,Mae Chee<em>Thai</em>,,Mae Chee,,,,,,         Mae Chee<em>Thai</em>,,Mae Chee,Mae Chee
2,,Language,,,,,,,,,,   Language,,Language,Language
3,,Pāli,,,,,,,,,,      Pāli,,Pāli,Pāli
3,,Thai language,,,Thai,,,,,,,      Thai language,,Thai,Thai
4,,Question in Thai,,,,,,,,,,         Question in Thai,,Question in Thai,Question in Thai
4,,Thai audio,,,,,,,,,,         Thai audio,,Thai audio,Thai audio
3,,Isan/Lao language,,,Isan,,,,,,,      Isan/Lao language,,Isan,Isan
3,,Translation,,,,,,,,,,      Translation,,Translation,Translation
3,,Etymology,,,,,,,,,,      Etymology,,Etymology,Etymology
,,,,,,,,,,,,,,,
2,,Buddhist identity,,,,,,,,,,   Buddhist identity,,Buddhist identity,Buddhist identity
2,,Popular culture,,,,,,,,,,   Popular culture,,Popular culture,Popular culture
3,p,Winnie-the-Pooh,,,,,,,,,,      Winnie-the-Pooh,,Winnie-the-Pooh,Winnie-the-Pooh
3,p,The Far Side,,,,,,,,,,      The Far Side,,The Far Side,The Far Side
,,,,,,,,,,,,,,,
1,P,Spiritual traditions,,,,,,,,,,Spiritual traditions,,Spiritual traditions,Spiritual traditions
2,,Theravāda,,,,,,,,,,   Theravāda,,Theravāda,Theravāda
2,,Mahāyāna,,,,,,,,,,   Mahāyāna,,Mahāyāna,Mahāyāna
3,,Pure Land,,,,,,,,,,      Pure Land,,Pure Land,Pure Land
3,p,Zen,,,,,,,,,,      Zen,,Zen,Zen
2,,Vajrayāna,,,,,,,,,,   Vajrayāna,,Vajrayāna,Vajrayāna
,,,,,,,,,,,,,,,
2,,Secular Buddhism,,,,,,,,,,   Secular Buddhism,,Secular Buddhism,Secular Buddhism
2,,Hinduism,,,,,,,,,,   Hinduism,,Hinduism,Hinduism
3,,Advaita Vedanta,,,,,,,,,,      Advaita Vedanta,,Advaita Vedanta,Advaita Vedanta
2,,Taoism,,,,,,,,,,   Taoism,,Taoism,Taoism
2,,Judaism,,,,,,,,,,   Judaism,,Judaism,Judaism
2,,Christianity,,,,,,,,,,   Christianity,,Christianity,Christianity
2,,Islam,,,,,,,,,,   Islam,,Islam,Islam
2,,Philosophy,,,,,,,,,,   Philosophy,,Philosophy,Philosophy
2,,Atheism/agnosticism,,,,,,,,,,   Atheism/agnosticism,,Atheism/agnosticism,Atheism/agnosticism
2,,Western psychology,,,,,,,,,,   Western psychology,,Western psychology,Western psychology
2,,Cults,,,,,,,,,,   Cults,,Cults,Cults
,,,,,,,,,,,,,,,
1,,Renunciant practice,,,,,,,,Renunciation,,Renunciant practice,,Renunciant practice,Renunciant practice
2,,Eight Precepts,8,aṭṭha sikkhāpadāni,,,,,,,,   Eight Precepts,aṭṭha sikkhāpadāni,Eight Precepts,Eight Precepts [aṭṭha sikkhāpadāni]
3,.,Abstaining from:,,veramaṇī,,,,,,,,      Abstaining from:,veramaṇī,,
3,,Killing,,pāṇātipāta,,,Taking life,,,,,      Killing,pāṇātipāta,Killing,Killing [pāṇātipāta]
4,,Vegetarianism,,,,,,,,,,         Vegetarianism,,Vegetarianism,Vegetarianism
4,,Suicide,,,,,,,,,,         Suicide,,Suicide,Suicide
4,,Euthanasia,,,,,,,,,,         Euthanasia,,Euthanasia,Euthanasia
4,,Abortion,,,,,,,,,,         Abortion,,Abortion,Abortion
3,,Stealing,,adinnādāna,,,,,,,,      Stealing,adinnādāna,Stealing,Stealing [adinnādāna]
3,,Sexual activity,,abrahmacariya,,,,,Celibacy,,,      Sexual activity,abrahmacariya,,
3,,False speech,,musā-vāda,,,,,,,,      False speech,musā-vāda,False speech,False speech [musā-vāda]
3,,Intoxicants,,surāmeraya-majja-pamādaṭṭhāna,,,,,,,,      Intoxicants,surāmeraya-majja-pamādaṭṭhāna,Intoxicants,Intoxicants [surāmeraya-majja-pamādaṭṭhāna]
3,,Eating after noon,,vikāla-bhojana,,,,,,,,      Eating after noon,vikāla-bhojana,Eating after noon,Eating after noon [vikāla-bhojana]
3,,Entertainment and adornment,,nacca-gīta-vādita,,,,,,,,      Entertainment and adornment,nacca-gīta-vādita,Entertainment and adornment,Entertainment and adornment [nacca-gīta-vādita]
3,,High and luxurious beds,,uccāsayana-mahāsayanā,,,,,,,,      High and luxurious beds,uccāsayana-mahāsayanā,High and luxurious beds,High and luxurious beds [uccāsayana-mahāsayanā]
2,,Celibacy,,brahmacariyā,,,,,,,,   Celibacy,brahmacariyā,Celibacy,Celibacy [brahmacariyā]
2,,Simplicity,,,,,,,,,,   Simplicity,,Simplicity,Simplicity
2,,Lunar observance days,,uposatha,,,,,,,,   Lunar observance days,uposatha,Lunar observance days,Lunar observance days [uposatha]
2,,Four Requisites,4,,Requisites,,,,,,,   Four Requisites,,Requisites,Requisites
3,,Robes,,cīvara,,,,,,,,      Robes,cīvara,Robes,Robes [cīvara]
3,,Almsfood,,piṇḍapāta,,,,,,,,      Almsfood,piṇḍapāta,Almsfood,Almsfood [piṇḍapāta]
4,,Almsbowl,,patta,,,,,,,,         Almsbowl,patta,Almsbowl,Almsbowl [patta]
4,,Almsround,,Pindapat <em>Thai</em>,,,,,,,,         Almsround,Pindapat <em>Thai</em>,Almsround,Almsround [Pindapat <em>Thai</em>]
3,,Lodging,,senāsana,,,Shelter,,,,,      Lodging,senāsana,Lodging,Lodging [senāsana]
4,,Building projects,,,,,,,,,,         Building projects,,Building projects,Building projects
3,,Medicinal requisites,,gilāna-paccaya-bhesajja-parikkhāraṃ,,,,,,,,      Medicinal requisites,gilāna-paccaya-bhesajja-parikkhāraṃ,Medicinal requisites,Medicinal requisites [gilāna-paccaya-bhesajja-parikkhāraṃ]
2,,Qualities for non-decline,4,aparihānāya dhammā,,,,,,,,   Qualities for non-decline,aparihānāya dhammā,Qualities for non-decline,Qualities for non-decline [aparihānāya dhammā]
3,,Accomplishment in virtue,,sīlasampanno,,,,,Virtue,,,      Accomplishment in virtue,sīlasampanno,,
3,,Sense restraint,,indriyesu guttadvāro,,,,Restraint,,,,      Sense restraint,indriyesu guttadvāro,Sense restraint,Sense restraint [indriyesu guttadvāro]
3,,Moderation in eating,,bhojane mattaññū,,,,,,Food,,      Moderation in eating,bhojane mattaññū,Moderation in eating,Moderation in eating [bhojane mattaññū]
3,,Devotion to wakefulness,,jāgariyaṁ anuyutto,,,,,,Energy,,      Devotion to wakefulness,jāgariyaṁ anuyutto,Devotion to wakefulness,Devotion to wakefulness [jāgariyaṁ anuyutto]
,,,,,,,,,,,,,,,
2,,Monastic life,,brahmacariyā,,,,,,,,   Monastic life,brahmacariyā,Monastic life,Monastic life [brahmacariyā]
3,,Monastic life/Motivation,,,,,,,,,,      Monastic life/Motivation,,Monastic life/Motivation,Monastic life/Motivation
3,,Ordination,,upasampadā,,,,,,,,      Ordination,upasampadā,Ordination,Ordination [upasampadā]
4,,Temporary ordination,,,,,,,,,,         Temporary ordination,,Temporary ordination,Temporary ordination
3,*,Mentoring,,,,,,,,,,      Mentoring,,Mentoring,Mentoring
3,*,,,Vinaya,,,,,,,,      Vinaya,,Vinaya,Vinaya
4,,,,Pāṭimokkha,,,,,,,,         Pāṭimokkha,,Pāṭimokkha,Pāṭimokkha
4,,Confession,,paṭidesanā,,,,,,,,         Confession,paṭidesanā,Confession,Confession [paṭidesanā]
4,,Disciplinary transactions,,,,,,,,,,         Disciplinary transactions,,Disciplinary transactions,Disciplinary transactions
4,,Dependence,,nissaya,,,,,,,,         Dependence,nissaya,Dependence,Dependence [nissaya]
4,,Sequence of training,,,,,,,,,,         Sequence of training,,Sequence of training,Sequence of training
4,,Protocols,,kiccavatta,,,,korwat <em>Thai</em>,,,,         Protocols,kiccavatta,Protocols,Protocols [kiccavatta]
4,,Not handling money,,,,,,,,,,         Not handling money,,Not handling money,Not handling money
4,,Rains retreat,,vassa,,,,,,,,         Rains retreat,vassa,Rains retreat,Rains retreat [vassa]
,,,,,,,,,,,,,,,
3,,Mutual lay/Saṅgha support,,,,,,,,,,      Mutual lay/Saṅgha support,,Mutual lay/Saṅgha support,Mutual lay/Saṅgha support
,,,,,,,,,,,,,,,
3,*Cg,,,Saṅgha,,,,Monastic community,,Recollection/Saṅgha,,      Saṅgha,,Saṅgha,Saṅgha
4,*,Fourfold Assembly,,,,,,,,,,         Fourfold Assembly,,Fourfold Assembly,Fourfold Assembly
4,*,Communal harmony,,sāmaggī,,,,,,,,         Communal harmony,sāmaggī,Communal harmony,Communal harmony [sāmaggī]
4,,Six Principles of Cordiality,6,cha dhammā sārāṇīyā,Principles of Cordiality,dhammā sārāṇīyā,,,,,,         Six Principles of Cordiality,dhammā sārāṇīyā,Principles of Cordiality,Principles of Cordiality [dhammā sārāṇīyā]
5,3h,"Acts of goodwill by body, speech, and mind",,,,,,,Goodwill,,,"            Acts of goodwill by body, speech, and mind",,,
5,h,Sharing requisites in common,,,,,,,Generosity,,,            Sharing requisites in common,,,
5,h,Unbroken virtue,,,,,,,Virtue,,,            Unbroken virtue,,,
5,h,Noble and emancipating view,,,,,,,Right View,,,            Noble and emancipating view,,,
,,,,,,,,,,,,,,,
4,*,Principles of (communal) non-decline,,aparihānāya dhammā,Principles of non-decline,,,,,,,         Principles of (communal) non-decline,aparihānāya dhammā,Principles of non-decline,Principles of non-decline [aparihānāya dhammā]
4,,Monastery organizational structure,,,,,,,,,,         Monastery organizational structure,,Monastery organizational structure,Monastery organizational structure
4,,Saṅgha decision making,,,,,,,,,,         Saṅgha decision making,,Saṅgha decision making,Saṅgha decision making
4,,Role of abbot,,,Abbot,,,,,,,         Role of abbot,,Abbot,Abbot
,,,,,,,,,,,,,,,
,,,,,,,,,,,,,,,
3,,Perception of a samaṇa,,samaṇa saññā,,,,,,,,      Perception of a samaṇa,samaṇa saññā,Perception of a samaṇa,Perception of a samaṇa [samaṇa saññā]
3,,Respect,,,,,,,,,,      Respect,,Respect,Respect
4,,Monastic titles,,,,,,,,,,         Monastic titles,,Monastic titles,Monastic titles
4,,Respect for elders,,,,,,,,,,         Respect for elders,,Respect for elders,Respect for elders
4,g,,,Upatakh <em>Thai</em>,,Upatakh,,attendant to senior monks,,,,         Upatakh <em>Thai</em>,,Upatakh,Upatakh
4,,Hospitality,,,,,,,,,,         Hospitality,,Hospitality,Hospitality
3,,Monastic routine/schedule,,,Monastic routine,,,,,,,      Monastic routine/schedule,,Monastic routine,Monastic routine
3,,Ascetic practices,,dhutaṅga,,,,,,,,      Ascetic practices,dhutaṅga,Ascetic practices,Ascetic practices [dhutaṅga]
4,g,,,Tudong <em>Thai</em>,,Tudong,,ascetic wandering,,,,         Tudong <em>Thai</em>,,Tudong,Tudong
4,,Fasting,,,,,,,,,,         Fasting,,Fasting,Fasting
4,,Sitter's practice,,,,,,,,,,         Sitter's practice,,Sitter's practice,Sitter's practice
3,,Monastic crafts,,,,,,,,,,      Monastic crafts,,Monastic crafts,Monastic crafts
3,,Types of monks,,,,,,,,,,      Types of monks,,Types of monks,Types of monks
4,,Forest versus city monks,,,,,,,,,,         Forest versus city monks,,Forest versus city monks,Forest versus city monks
4,,Study monks,,,,,,,,,,         Study monks,,Study monks,Study monks
4,,Older monks,,,,,,,,,,         Older monks,,Older monks,Older monks
4,*,Temporary ordination,,,,,,,,,,         Temporary ordination,,Temporary ordination,Temporary ordination
4,,Thai sects,,,,,,,,,,         Thai sects,,Thai sects,Thai sects
4,,Novices,,sāmaṇera,,,,,,,,         Novices,sāmaṇera,Novices,Novices [sāmaṇera]
4,,Postulants,,anagārika,,,Pakow <em>Thai</em>,,,,,         Postulants,anagārika,Postulants,Postulants [anagārika]
3,*,Women's monastic forms,,,,,,,,,,      Women's monastic forms,,Women's monastic forms,Women's monastic forms
4,*,,,Bhikkhunī,,,,,,,,         Bhikkhunī,,Bhikkhunī,Bhikkhunī
4,*,,,Sīladharā,,,,,,,,         Sīladharā,,Sīladharā,Sīladharā
4,*,,,Mae Chee<em>Thai</em>,,Mae Chee,,,,,,         Mae Chee<em>Thai</em>,,Mae Chee,Mae Chee
,,,,,,,,,,,,,,,
3,,Disrobing,,,,,,,,,,      Disrobing,,Disrobing,Disrobing
,,,,,,,,,,,,,,,
1,,Everyday life practice,,,Everyday life,,,,,,,Everyday life practice,,Everyday life,Everyday life
,,,,,,,,,,,,,,,
2,,Five Precepts,5,pañca sikkhāpadāni,,,,,,,,   Five Precepts,pañca sikkhāpadāni,Five Precepts,Five Precepts [pañca sikkhāpadāni]
3,.,Abstaining from:,,veramaṇī,,,,,,,,      Abstaining from:,veramaṇī,,
3,,Killing,,pāṇātipāta,,,,,,,,      Killing,pāṇātipāta,Killing,Killing [pāṇātipāta]
4,,Vegetarianism,,,,,,,,,,         Vegetarianism,,Vegetarianism,Vegetarianism
4,,Suicide,,,,,,,,,,         Suicide,,Suicide,Suicide
4,,Euthanasia,,,,,,,,,,         Euthanasia,,Euthanasia,Euthanasia
4,,Abortion,,,,,,,,,,         Abortion,,Abortion,Abortion
3,,Stealing,,adinnādāna,,,,,,,,      Stealing,adinnādāna,Stealing,Stealing [adinnādāna]
3,,Sexual misconduct,,kāmesu micchācāra,,,,,,,,      Sexual misconduct,kāmesu micchācāra,Sexual misconduct,Sexual misconduct [kāmesu micchācāra]
3,,False speech,,musā-vādā,,,,,,,,      False speech,musā-vādā,False speech,False speech [musā-vādā]
3,,Intoxicants,,surāmeraya-majja-pamādaṭṭhānā,,,,,,,,      Intoxicants,surāmeraya-majja-pamādaṭṭhānā,Intoxicants,Intoxicants [surāmeraya-majja-pamādaṭṭhānā]
2,,Lay life,,,,,,,,,,   Lay life,,Lay life,Lay life
2,,Conventions,,,,,,Samut <em>Thai</em>,,,,   Conventions,,Conventions,Conventions
2,,Eight Worldly Conditions,8,aṭṭha lokadhammā,Worldly Conditions,lokadhammā,,,,,,   Eight Worldly Conditions,lokadhammā,Worldly Conditions,Worldly Conditions [lokadhammā]
3,2,Gain and loss,,lābho ca alābho ca,,,,,,,,      Gain and loss,lābho ca alābho ca,Gain and loss,Gain and loss [lābho ca alābho ca]
3,2,Fame and disrepute,,yaso ca ayaso ca,,,,,,,,      Fame and disrepute,yaso ca ayaso ca,Fame and disrepute,Fame and disrepute [yaso ca ayaso ca]
3,2*,Blame and praise,,nindā ca pasaṃsā ca,,,,,,,,      Blame and praise,nindā ca pasaṃsā ca,Blame and praise,Blame and praise [nindā ca pasaṃsā ca]
3,,Pleasure,,sukha,,,,,Happiness,,,      Pleasure,sukha,,
3,,Pain,,dukkha,,,,,,,,      Pain,dukkha,Pain,Pain [dukkha]
2,.,Personal,,,,,,,,,,   Personal,,,
3,,Health,,,,,,,,,,      Health,,Health,Health
4,,Exercise,,,,,,,,,,         Exercise,,Exercise,Exercise
4,,Chi Gong,,,,,,,,,,         Chi Gong,,Chi Gong,Chi Gong
4,,Smoking,,,,,,,,,,         Smoking,,Smoking,Smoking
4,,Mental illness,,,,,,,,,,         Mental illness,,Mental illness,Mental illness
3,,Purpose/meaning,,,,,,Meaning,,,,      Purpose/meaning,,Purpose/meaning,Purpose/meaning
3,,Cleanliness,,,,,,,,,,      Cleanliness,,Cleanliness,Cleanliness
3,,Work,,,,,,,,Right Livelihood,,      Work,,Work,Work
3,,Time management,,,,,,,,,,      Time management,,Time management,Time management
3,,Relationships,,,,,,,,,,      Relationships,,Relationships,Relationships
3,,Family,,,,,,,,,,      Family,,Family,Family
4,,Parents,,,,,,,,,,         Parents,,Parents,Parents
4,,Children,,,,,,,,,,         Children,,Children,Children
3,,Artistic expression,,,,,,,,,,      Artistic expression,,Artistic expression,Artistic expression
3,,Recreation/leisure/sport,,,,,,Leisure;Sport,,,,      Recreation/leisure/sport,,Recreation/leisure/sport,Recreation/leisure/sport
3,,Travel,,,,,,,,,,      Travel,,Travel,Travel
3,,Pace of life,,,,,,Slowing down,,,,      Pace of life,,Pace of life,Pace of life
3,,Retirement,,,,,,,,,,      Retirement,,Retirement,Retirement
2,,Community,,,,,,,,,,   Community,,Community,Community
3,,Environment,,,,,,,,,,      Environment,,Environment,Environment
4,,Weather,,utu,,,,,,,,         Weather,utu,Weather,Weather [utu]
3,,Fourfold Assembly,,,,,,,,,,      Fourfold Assembly,,Fourfold Assembly,Fourfold Assembly
3,,Communal harmony,,sāmaggī,,,,,,,,      Communal harmony,sāmaggī,Communal harmony,Communal harmony [sāmaggī]
3,,Principles of (communal) non-decline,,aparihānāya dhammā,Principles of non-decline,,,,,,,      Principles of (communal) non-decline,aparihānāya dhammā,Principles of non-decline,Principles of non-decline [aparihānāya dhammā]
3,,Leadership,,,,,,,,,,      Leadership,,Leadership,Leadership
3,,Conflict,,,,,,,,,,      Conflict,,Conflict,Conflict
3,,Meditation groups,,,,,,,,,,      Meditation groups,,Meditation groups,Meditation groups
3,,Sharing circles,,,,,,,,,,      Sharing circles,,Sharing circles,Sharing circles
3,,Politics and society,,,,,,,,,,      Politics and society,,Politics and society,Politics and society
,,,,,,,,,,,,,,,
4,,Royalty,,,,,,,,,,         Royalty,,Royalty,Royalty
4,,Service,,,,,,,,,,         Service,,Service,Service
4,,Activism,,,,,,,,,,         Activism,,Activism,Activism
4,,Non-profit organizations,,,,,,,,,,         Non-profit organizations,,Non-profit organizations,Non-profit organizations
4,,Corruption,,,,,,,,,,         Corruption,,Corruption,Corruption
4,,Crime,,,,,,,,,,         Crime,,Crime,Crime
5,,Prisons,,,,,,,,,,            Prisons,,Prisons,Prisons
4,,Discrimination,,,,,,,,,,         Discrimination,,Discrimination,Discrimination
,,,,,,,,,,,,,,,
,,,,,,,,,,,,,,,
,,,,,,,,,,,,,,,
4,,Military,,,,,,,,,,         Military,,Military,Military
3,,Education,,,,,,,Learning,,,      Education,,,
3,,Commerce/economics,,,,,,Economics,,,,      Commerce/economics,,Commerce/economics,Commerce/economics
4,,Poverty,,,,,,,,,,         Poverty,,Poverty,Poverty
,,,,,,,,,,,,,,,
3,,Health care,,,,,,,,,,      Health care,,Health care,Health care
4,,Pandemic,,,,,,,,,,         Pandemic,,Pandemic,Pandemic
3,,Disasters,,,,,,,,,,      Disasters,,Disasters,Disasters
3,,Science,,,,,,,,,,      Science,,Science,Science
3,,Technology,,,,,,,,,,      Technology,,Technology,Technology
4,,Industry,,,,,,,,,,         Industry,,Industry,Industry
4,,Online community,,,,,,,,,,         Online community,,Online community,Online community
3,,Media, ,,,,,,,,,      Media,,Media,Media
4,,News,,,,,,,,,,         News,,News,News
4,,Advertizing,,,,,,,,,,         Advertizing,,Advertizing,Advertizing
4,,Internet,,,,,,,,,,         Internet,,Internet,Internet
4,,Social media,,,,,,,,,,         Social media,,Social media,Social media