Modified:,2025,,,,,,,,,,,,,,,,,,,
Key,Value,,,,,,,,,,,,,,,,,,,
Title,2015 Thanksgiving Monastic Retreat,,,,,,,,,,,,,,,,,,,
Subtitle,Mindfulness of Feeling,,,,,,,,,,,,,,,,,,,
Code,TG2015,,,,,,,,,,,,,,,,,,,
Series,Thanksgiving Retreats,,,,,,,,,,,,,,,,,,,
Venue,Angela Center,,,,,,,,,,,,,,,,,,,
Teachers,AP;AKd;ANy;DS,,,,,,,,,,,,,,,,,,,
Start date,20/11/2015,,,,,,,,,,,,,,,,,,,
End date,29/11/2015,,,,,,,,,,,,,,,,,,,
Format,Multiday event,,,,,,,,,,,,,,,,,,,
Medium,In-person,,,,,,,,,,,,,,,,,,,
Tags,,,,,,,,,,,,,,,,,,,,
Website,https://www.abhayagiri.org/media/discs/2015ThanksgivingRetreat/Index.html,,,,,,,,,,,,,,,,,,,
Description,A classic ten-day Thanksgiving Retreat held at the Angela Center before it closed due to fire damage.,,,,,,,,,,,,,,,,,,,
Sessions,8,,,,,,,,,,,,,,,,,,,
Excerpts,229,,,,,,,,,,,,,,,,,,,
Answers listened to,94,,,,,,,,,,,,,,,,,,,
Tags applied,588,,,TRUE,,,,,,,,,,,,,,,,
Invalid tags,0,,,,,,,,,,,,,,,,,,,
Duration,8:38:19,,,,,,,,,,,,,,,,,,,
<---->,,,,,,,,,,,,,,,,,,,,
Session #,Date,Filename,Duration,Session title,Remote mp3 URL,Excerpts,Tags,Tags 2,Tags 3,Teachers,Exclude?,Seconds,,,,,,,,
1,21/11/2015,04_AP_11_21_2015_TMR_Q_A.mp3,52:52,,https://www.abhayagiri.org/media/discs/2015ThanksgivingRetreat/Audio/04_AP_11_21_2015_TMR_Q_A.mp3,25,,,,AP,,3172,,,,,,,,
2,22/11/2015,07_AP_11_22_2015_TMR_Q_A.mp3,40:38,,https://www.abhayagiri.org/media/discs/2015ThanksgivingRetreat/Audio/07_AP_11_22_2015_TMR_Q_A.mp3,17,,,,AP,,2438,,,,,,,,
3,23/11/2015,10_AP_11_23_2015_TMR_Q_A.mp3,1:05:48,,https://www.abhayagiri.org/media/discs/2015ThanksgivingRetreat/Audio/10_AP_11_23_2015_TMR_Q_A.mp3,21,,,,AP,,3948,,,,,,,,
4,24/11/2015,13_AP_11_24_2015_TMR_Q_A.mp3,1:14:52,,https://www.abhayagiri.org/media/discs/2015ThanksgivingRetreat/Audio/13_AP_11_24_2015_TMR_Q_A.mp3,42,,,,AP,,4492,,,,,,,,
5,25/11/2015,16_AP_11_25_2015_TMR_Q_A.mp3,1:09:43,,https://www.abhayagiri.org/media/discs/2015ThanksgivingRetreat/Audio/16_AP_11_25_2015_TMR_Q_A.mp3,26,,,,AP,,4183,,,,,,,,
6,26/11/2015,19_AP_11_26_2015_TMR_Q_A.mp3,1:07:12,,https://www.abhayagiri.org/media/discs/2015ThanksgivingRetreat/Audio/19_AP_11_26_2015_TMR_Q_A.mp3,27,,,,AP,,4032,,,,,,,,
7,27/11/2015,22_AP_11_27_2015_TMR_Q_A.mp3,58:37,,https://www.abhayagiri.org/media/discs/2015ThanksgivingRetreat/Audio/22_AP_11_27_2015_TMR_Q_A.mp3,27,,,,AP,,3517,,,,,,,,
8,28/11/2015,25_AP_11_28_2015_TMR_Q_A.mp3,1:28:37,,https://www.abhayagiri.org/media/discs/2015ThanksgivingRetreat/Audio/25_AP_11_28_2015_TMR_Q_A.mp3,44,,,,AP,,5317,,,,,,,,
<---->,,,,,,,,,,,,,,,,,,,,
Session #,Kind,Flags,Start time,End time,Teachers,Text,QTag1,QTag2,QTag3,QTag4,ATag1,ATag2,ATag3,ATag4,ATag5,ATag6,AListen?,Exclude?,FTags,FTagOrder
1,,,1:09,6:15,,Equanimity...your thoughts?,Equanimity,,,,Divine Abidings,Impermanence,Kamma,Conditionality,Factors of Awakening,,Yes,,Equanimity,100
1,Sutta,,,,,AN 5.57: Five Subjects for Frequent Recollection ([Chanting Book translation](Chanting Book p. 55)),,,,,,,,,,,,,,
1,,,6:16,,,Please explain wise action. How can one see that it is not influenced by craving?,Discernment,Craving,,,,,,,,,,,,
1,,,9:49,,,"This morning you talked about crossing the floods of obsessive thought by not holding on to or pushing them away. I get that, but it feels like there's something missing – a hole that needs to be filled up with something – a solution?",Proliferation,Becoming,,,,,,,,,,,,
1,,,12:27,15:33,,What should we do during eating? How to eat with meditation?,Food,,,,Pace of life,Present moment awareness,,,,,Yes,,Food,100
1,Indirect quote,,,,,Learn how to slow down and chew your food well.|The Supreme Patriarch's advice to new monks,Ajahn Pasanno,Wat Pah Nanachat,,Food,Pace of life,Health,,,,,,,,
1,,,15:36,,,Could you please repeat the name of the sutta you mentioned this morning that laid out the ‘whole spiritual path’ in a conversation with the devas?,,,,,,,,,,,,,,
1,,,16:28,21:57,,What is the difference between piti and sukha? Also equanimity and emptiness as a felt sense?,Rapture,Happiness,Equanimity,Emptiness,Self-identity view,Theravāda,Relinquishment,,,,Yes,,Emptiness,100
1,Fragment,,18:33,21:57,,,,,,,,,,,,,Yes,,,
1,Teaching,,,,,The difference between pīti and sukha.,Rapture,Happiness,,,Emotion,,,,,,,,Happiness,160
1,Extra tags,,,,,,,,,,,,,,,,,,Rapture,130
1,Commentary,-,,,,Path of Purification p. 139: Similes for pīti and sukha.,Similes,Rapture,Happiness,,,,,,,,,,,
1,,,22:03,33:59,,"I volunteer in hospice and was in attendance for the passing of my parents. I notice vast differences in the way people experience their passage. What can we do, while still alive, to prepare for a peaceful and ‘wakeful’ passing? Other than ‘being present,’ is there anything that can be of benefit to others?",Death,,,,Recollection/Death,Equanimity,Impermanence,Sickness,Idealism,Compassion,Yes,,,
1,Extra tags,,,,,,,,,,Generosity,,,,,,,,,
1,Sutta,,,,,AN 5.57: Five Subjects for Frequent Recollection ([Chanting Book translation](Chanting Book p. 55)),,,,,,,,,,,,,,
1,Vinaya,,,,,Mv 8.26.8: Qualities of a good nurse.,Monastic life,Health care,,,,,,,,,,,,
1,Story,,,,,Ajahn Chah advises Paul Breiter about the limits of spiritual hospice work.,Ajahn Chah,Paul Breiter,Death,Buddho mantra,Fierce/direct teaching,,,,,,,,,
1,,,34:01,,,Would you tell us again the name of the sutta you spoke of last night and in today's Dhamma talk?,,,,,,,,,,,,,,
1,,,34:44,42:58,,What is the best approach to deal with guilt?,Guilt/shame/inadequacy,,,,Culture/West,Conscience and prudence,Learning,Faith,Discernment,Self-identity view,Yes,,Guilt/shame/inadequacy,200
1,Extra tags,,,,,,,,,,Not-self,Aggregates,,,,,,,,
1,Cut audio,,40:24,40:38,,,,,,,,,,,,,Yes,,,
1,Sutta,,,,,"MN 22.58: ""Whatever is not yours, abandon it.""",,,,,,,,,,,,,,
1,,,43:00,,,"For those of us who need to routinely rest more due to aging, illness, or disability, could you share some suggestions and advice for how to optimize ths time as mediation in a lying down posture?",Ageing,Sickness,Posture/Lying down,,Determination,Body scanning,Clear comprehension,Mindfulness of breathing,Pain,Buddha images,,,Posture/Lying down,100
1,Extra tags,,,,,,,,,,Tranquility,Perception,,,,,,,,
1,Recollection,,,,,Ajahn Pasanno develops lying down meditation after breaking his pelvis.,Ajahn Pasanno,Sickness,Posture/Lying down,,,,,,,,,,,
2,,,0:06,2:45,,What are the general similarities and differences between the practice of ānāpānasatiand satipaṭṭhāna? Are they the same practice?,Right Mindfulness,Mindfulness of breathing,,,,,,,,,Yes,,,
2,Sutta,,,,,MN 118: Ānāpānasati Sutta,,,,,,,,,,,,,,
2,,,2:46,,,Praise for the question and answer session. Every question is important; can you answer them all?,Questions,,,,Meditation retreats,,,,,,,,,
2,,,6:16,12:35,,Can you say something about forgiveness practice?,Forgiveness,,,,Goodwill,Clinging,Asking forgiveness ceremony,,,,Yes,,Forgiveness,100
2,Reference,,,,,Bhikkhu Manual p. 254: Asking for forgiveness ceremony,Asking forgiveness ceremony,,,,,,,,,,,,,
2,Vinaya,,,,,[Bhikkhu Saṅghādisesā 12](BuSs 12): The community grows through mutual support and mutual admonition.,,,,,,,,,,,,,,
2,,,12:36,14:16,,"What do you recommend for pet owners with aging, sick pets? Do they get to live out their lives or is a merciful end at the hands of a vet OK?",Animal,Ageing,Sickness,Euthanasia,,,,,,,Yes,,,
2,Extra tags,,,,,,Precepts,,,,,,,,,,,,,
2,,,14:23,20:29,,Could you share some suggestions and advice for using the breath-body as an object of meditation? This seems like a skillful way of meditating when the gross physical body is experiencing a lot of pain. Is there any drawback to that?,Mindfulness of breathing,Pain,,,,,,,,,Yes,,,
2,,,20:32,24:40,,Can you address dependent origination and causation?,Dependent origination,Conditionality,,,Impermanence,God,Cessation,,,,Yes,,Conditionality,100
2,Sutta,,,,,"Ud 1.3: ""When this is, that is...""",,,,,,,,,,,,,,
2,Indirect quote,,,,,All you really need to know is that it's going to hurt when you hit the bottom.|Ajahn Chah,Ajahn Chah,Dependent origination,,,,,,,,,,,,
2,,,24:42,33:17,,Can you tell us your story of when you decided to become a monk?,Ajahn Pasanno,Monastic life/Motivation,,,Learning,Travel,Culture/Thailand,Meditation,Mahasi Sayadaw,Temporary ordination,Yes,,,
2,Extra tags,,,,,,,,,,Ajahn Chah,,,,,,,,,
2,Indirect quote,,,,,"If you want to stay here, you have to stay at least five years.|Ajahn Chah",Ajahn Chah,Wat Pah Pong,Sequence of training,Determination,,,,,,,,,,
2,,,33:18,,,Is it important in this practice to ask for forgiveness for intentional/non-intentional actions both in this life and in past lives?,Forgiveness,Volition,Rebirth,,,,,,,,,,,
2,,,36:00,,,Do you have any suggestions for the position of the hands during standing meditation?,Posture/Standing,Mudra,,,,,,,,,,,,
3,,,0:22,6:25,,"As inspiration for the rest of us, would you please talk about some of your milestone insights over your years of practice and what kept you going over the years, especially when you hit roadblocks?",Ajahn Pasanno,Monastic life/Motivation,Long-term practice,,Ajahn Jayasaro,Ajahn Chah,Impermanence,Right Mindfulness,Self-identity view,,Yes,,,
3,Sutta,,,,,MN 10: Satipaṭṭhāna Sutta,,,,,,,,,,,,,,
3,,,6:27,11:01,,"Inclining mind toward happiness, joy, lightness, exhilaration, the good, sometimes feels a bit Polyanna-ish. What about all the wars, refugees, my job, illness, pain, etc. Aren't these also the way things are – unpleasant, dark, and negative?",Happiness,Gladdening the mind,Suffering,,Buddha/Biography,Aspects of Understanding,,,,,Yes,,Happiness,100
3,,,11:03,12:46,,"You spoke of using the body as reference, backdrop for the breath. Always coming back to the body. Doesn't this foster a sense of attachment to the body as mine? And what if the body is not in good shape, ill, and hurting?",Mindfulness of body,Mindfulness of breathing,Form,Clinging,Relinquishment,,,,,,Yes,,,
3,Extra tags,,,,,,Self-identity view,Sickness,,,,,,,,,,,,
3,,,13:24,18:48,,"I am doing well when sitting or walking – my container of mindfulness is filling. However, it seems to be leaking during every other activity. Walking to the meal, in my room, going to the bathroom, eating. Help! I seem to be defeating my own efforts.",Continuity of mindfulness,Meditation retreats,,,Mindfulness of body,Gratification,Investigation of states,Self-identity view,,,Yes,,Continuity of mindfulness,100
3,,,18:50,21:01,,How can we apply the law of cause and effect in daily life? How can we apply this law to such a simple thing to remove suffering?,Conditionality,Cessation of Suffering,,,Happiness,,,,,,Yes,,Conditionality,50
3,,,21:02,,,"Would you remind us what ‘the four pairs, the eight kinds of noble beings’ means and perhaps in a nutshell what is the English translation of the meal blessing?",Recollection/Saṅgha,Stages of awakening,Anumodanā,,,,,,,,,,,
3,,,25:53,30:40,,"Could you offer a bit of advice on how to deal with the apparent dichotomy between seeing people (including myself) as real & solid (for example when sending them metta), and the doctrine of no-self whereby there is no such imagined solidity at all – just an ever-changing combination of the khandas?",Not-self,Aggregates,,,Middle Path,Pāli,Impermanence,,Proliferation,Relinquishment,Yes,,Not-self,110
3,Extra tags,,,,,,,,,,Liberation,,,,,,,,,
3,,,30:41,35:53,,"What if a short breath never comes? Am I stuck on the long breath or can I create a short breath and move on? Are the steps to ānāpānasati sequential, and do I observe them, cultivate them, or both?",Mindfulness of breathing,,,,Continuity of mindfulness,Tranquility,,,,,Yes,,,
3,,,35:54,,,How does one avoid controlling the breath when observing it?,Mindfulness of breathing,,,,Mindfulness of body,Tranquility,,,,,,,Mindfulness of breathing,90
3,,,38:39,,,"In addition to being aware of our body, is it acceptable to use visual imagery? For example, seeing oneself standing by the ocean breathing in air created by the waves.",Visualization,Mindfulness of breathing,,,,,,,,,,,,
3,,,42:29,,,"Could you describe the meaning of abide, pervading, and imbued in the phrase ‘I will abide pervading one quarter with a mind imbued with lovingkindness?’",Goodwill,,,,,,,,,,,,,
3,,,46:46,,,"Does the breath body exist as an object of mind? As the Buddha mentions it so specifically, I would be grateful for more clarification on the ‘breath body.’",Mindfulness of breathing,,,,,,,,,,,,,
3,,,51:02,,,"I notice that the calmer my mind becomes, the more imperceptible my breath is – to the point of feeling a suspension of breathing and at times a complete cessation. This sometimes seems to lead to sleepiness and torpor. How can I bring my mind back to a state of focus without manipulating my breath?",Mindfulness of breathing,Sloth and torpor,,,,,,,,,,,,
3,,,56:05,,,"When negative feelings arise, whether they be fear, anxiety, loneliness, etc., how do we investigate them? Does breathing into these feelings and being fully present (without trying to push them away) help to become aware of the true cause of these feelings? Is the cause of these feelings always craving of some kind?",Emotion,Mindfulness of breathing,Cause of Suffering,Craving,,,,,,,,,,
3,,,60:27,63:41,,"In a Dhamma talk at Abhayagiri, you quoted Luang Por Chah as saying ‘Nibbāna lies on the shores of death.’ Could you say more about this?",Nibbāna,Death,Ajahn Chah,,Relinquishment,,,,,,Yes,,,
3,Quote,,,,,Oftentimes we're really not ready to let go until there's absolutely no alternative left.,Relinquishment,,,,,,,,,,,,,
3,,,63:57.5,65:42,,How are you satisfied and/or dissatisfied with students?,Teaching Dhamma,,,,Blame and praise,,,,,,Yes,,,
3,Quote,,,,,Whatever expectations I have are my expectations.,Teaching Dhamma,Suffering,,,,,,,,,,,,
4,,,0:07,8:48,,What are the consequences of breaking a precept?,Precepts,,,,Pāli,Learning,Volition,Ajahn Chah,,,Yes,,Precepts,180
4,Fragment,,4:41,8:48,,,,,,,,,,,,,Yes,,,
4,Teaching,,,,,The root of hiri and otappa.,Conscience and prudence,,,,Pāli,Translation,Truth,Kamma,Respect,,,,Conscience and prudence,100
4,,,8:51,10:30,,Some meditators associate ‘peak experiences’ with spiritual progress. What are the benefits and drawbacks of this approach?,Long-term practice,,,,,,,,,,Yes,,,
4,,,10:33,,,"Of the four elements, please explain wind element.",Elements,,,,,,,,,,,,,
4,,,13:28,14:52,,"‘Luminous is the mind.’ Is the luminous mind conditioned or unconditioned? If unconditioned, then it's Nirvana. If conditioned/impermanent, then Nirvana is beyond the mind? Yet it can be known by the mind?",Nature of mind,Unconditioned,Nibbāna,,,,,,,,Yes,,,
4,Sutta,,,,,AN 1.49,,,,,,,,,,,,,,
4,,,15:02,,,Did you say the defilements are advantageous? (The questioner misheard ‘adventitious.’),Unwholesome Roots,,,,,,,,,,,,,
4,,,15:45,18:38,,Do any of you who reside at the monastery vote in local or national elections? I also wonder if you get involved in public discussions on local policies as they pertain to or potentially affect the monastery?,Monastic life,Politics and society,,,Culture/Thailand,Culture/Sri Lanka,,,,,Yes,,Politics and society,80
4,Story,,,,,Abhayagiri engages with local people and the Forestry Department to block a timber harvest.,Abhayagiri,Environment,Politics and society,,,,,,,,,,,
4,,,18:43,21:48,,"Persistent physical pain. Not chronic, just from sitting. How do I work skillfully with it? Right now the meditations feel swamped with it?",Pain,Meditation/General advice,,,Posture/Walking,Exercise,Chi Gong,Mindfulness of breathing,,,Yes,,Meditation/General advice,110
4,,,21:52,24:04,,Could you talk about how to manage doubt when it arises?,Doubt,,,,Mindfulness of body,Continuity of mindfulness,,,,,Yes,,Doubt,90
4,Quote,,,,,It's the continuity of mindfulness and clarity that we build up that's going to alleviate the doubt as opposed to any particular clever answer.,Doubt,Continuity of mindfulness,Clear comprehension,,,,,,,,,,,
4,,,24:07,,,Do monks on retreat feel as much pain as we do? Is pain sankharas?,Pain,Volitional formations,,,,,,,,,,,,
4,,,26:17,27:54,,Can you repeat the aspect of sankharas other than mental volitional energy?,Volitional formations,,,,Nibbāna,Aggregates,Volition,,,,Yes,,Volitional formations,110
4,Reference,,,,,Chanting Book p. 13,,,,,,,,,,,,,,
4,,,27:56,,,"Is it better to stick to one mode of breath meditation (visualizations, a mantra, etc.) for a while during the course of a 30-45 minute sit rather than jumping around to various modes?",Meditation/General advice,Mindfulness of breathing,,,,,,,,,,,,
4,,,31:28,34:15,,"If the list of the five khandas is intended to be linear, why is sense-consciousness the final one?",Aggregates,Consciousness,Feeling,Perception,,,,,,,Yes,,Aggregates,100
4,Sutta,,,,,"MN 43.9: ""Conjoined not disjoined""",,,,,,,,,,,,,,
4,,,34:19,39:46,AP;AKd,What is the difference between a fetter and a hindrance?,Fetters,Hindrances,,,Pāli,Stream entry,Tranquility,Attachment to precepts and practices,Stages of awakening,Saṃsāra,Yes,,Fetters,100
4,Extra tags,,,,,,,,,,,,,,,,,,Hindrances,180
4,,,39:49,42:05,,One of the books I have read suggests to practice the last moment of life every night. What would you suggest for practicing marananussati?,Recollection/Death,,,,Purpose/meaning,,,,,,Yes,,Recollection/Death,100
4,Sutta,,,,,AN 10.48 Ten Reflections ([Chanting book translation](Chanting Book p. 57)),,,,,,,,,,,,,,
4,,,42:47,48:35,,"There is a mean streak in my family, a tendency to be dishonest and manipulative. I can see how it has been passed down over generations. I have worked hard to overcome these habits in myself. At this stage of life my familiar relationships are mostly positive and harmonious, but I still sometimes run across their manipulation or dishonesty. I would like to discuss or address it within my family, but there is no apperent recouse or means of addressing the situation. Any suggestions?",Family,False speech,Habits,,,,,,,,Yes,,,
4,Quote,,,,,I don't teach my family anything.,Ajahn Pasanno,Family,Teaching Dhamma,,,,,,,,,,,
4,Story,,,,,Ajahn Pasanno's mother visits Abhayagiri.,Ajahn Pasanno,Parents,Kaṭhina,,,,,,,,,,,
4,,,48:38,,,"Sitting with the Sangha, I am learning how to feel joy.",Gratitude,Happiness,,,,,,,,,,,,
4,,,48:47,,,Please say more about what a monastic retreat offers compared to an ‘ordinary’ retreat. What are the differences?,Meditation retreats,Monastic life,,,Respect,Teaching Dhamma,,,,,,,,
4,Sutta,,,,,MN 26.20: The Brahmā Sahampati requests that the Buddha teach the Dhamma.,,,,,,,,,,,,,,
4,,,53:52,56:01,,"If mind and consciousness are impermanent, what/who is aware? Also, who/what is it that experiences the results of karma, especially after the body dies and perhaps is reborn?",Heart/mind,Consciousness,Impermanence,Nature of mind,Conditionality,Clinging,Doctrine-of-self clinging,,,,Yes,,Nature of mind,100
4,Extra tags,,,,,,Kamma,Rebirth,,,,,,,,,,,,
4,,,56:02,58:15,,"Can you please explain mindfulness or awareness of consciousness? I can understand consciousness arising as a result of stimuli entering the sense doors, but how does one become aware of consciousness itself? Or is this the right question about consciousness?",Mindfulness of mind,Consciousness,Sense bases,Nature of mind,Language,Pāli,,,,,Yes,,Consciousness,90
4,Extra tags,,,,,,,,,,,,,,,,,,Sense bases,100
4,,,58:19,64:42,,"Last night you spoke about balancing tranquility of mind with investigation or a theme for contemplation. Can you clarify how this can be accomplished without getting into the usual mind states of planning, associating, etc.?",Tranquility,Investigation of states,Recollection,Proliferation,Impermanence,Directed thought and evaluation,Discernment,Recollection/Death,Visualization,Divine Abidings,Yes,,Investigation of states,140
4,Extra tags,,,,,,,,,,,,,,,,,,Recollection,90
4,Quote,0,,,,"Mistaken assumption: ""I think, therefore I suffer. If I didn't think, then I wouldn't suffer.""",Directed thought and evaluation,Suffering,,,,,,,,,,,,
4,Commentary,,,,,Path of Purification p. 104: Forty subjects of meditation.,Recollection,,,,,,,,,,,,,
4,,,65:12,67:22,,Can you say something about the difference between ‘the mind’ and the brain?,Nature of mind,,,,,,,,,,Yes,,,
4,,,67:35,69:49,,Is there a distinction between observing the mind and observing what arises?,Mindfulness of mind,Impermanence,,,Knowing itself,Liberation,Thai Forest Tradition,Buddha,Relinquishment,Cessation of Suffering,Yes,,Knowing itself,100
4,Extra tags,,,,,,,,,,,,,,,,,,Liberation,100
4,,,69:51,,,It seems that nimittas can appear before the mind is fully settled in concentration. Is it useful to understand what that is happening? Should one ignore the nimitta until concentration is firmly established? Or is there some other response or skillful way to work with the nimitta while establishing samadhi?,Nimitta,Concentration,,,Proliferation,Continuity of mindfulness,Ajahn Pasanno,,,,,,Nimitta,100
4,Story,,,,,Ajahn Pasanno has a nimitta of bowing to the Buddha but then realizes that he is nodding.,Ajahn Pasanno,Nimitta,Bowing,Sloth and torpor,,,,,,,,,,
5,,,0:01,2:14,,"Please explain more how did the Buddha cross the flood, by neither going forward nor standing still. What does this mean?",Becoming,Cessation of Suffering,,,,Middle Path,Saṃsāra,,,,Yes,,Middle Path,100
5,Sutta,,,,,SN 1.1,,,,,,,,,,,,,,
5,,,2:15,9:29,,How could you accomplish studying Buddhism in Thailand with Luang Por Chah? How did Luang Por Chah teach you as a you were a foreigner new monk? How did you cope with the language issue?,Ajahn Pasanno,Ajahn Chah,Teaching Dhamma,Monastic life,Culture/Thailand,Patience,Wat Pah Pong,Novices,,,Yes,,Ajahn Chah,140
5,Extra tags,,,,,,Language,,,,,,,,,,,,,
5,Indirect quote,,,,,It's just like teaching buffaloes.|Ajahn Chah,Ajahn Chah,Teaching Dhamma,Western Ajahn Chah lineage,Similes,,,,,,,,,,
5,Fragment,,4:12,5:57.5,,,,,,,,,,,,,Yes,,,
5,Indirect quote,,,,,"Dhamma is not about the words, about the concepts, about the ideas. It's about the experience.|Ajahn Chah",Dhamma,Language,Direct experience,,,,,,,,,,Dhamma,120
5,Extra tags,,,,,,,,,,,,,,,,,,Direct experience,100
5,,,9:32,13:58,,You often talk about gladdening and lightening the mind. How do I do that?,Gladdening the mind,,,,Recollection,Divine Abidings,Empathetic joy,Competitiveness,Three Refuges,Perception of light,Yes,,Gladdening the mind,100
5,,,14:01,21:54,,Could you speak a little about the structure of the Pāli Canon? How much was written down in the Buddha's time?,Tipiṭaka,History/Early Buddhism,Dhamma books,,Culture/India,Memory,Chanting,Vinaya,Sutta,Abhidhamma,Yes,,Tipiṭaka,150
5,Extra tags,,,,,,,,,,,,,,,,,,History/Early Buddhism,150
5,,,21:55,26:38,,Could you talk about woman’s ordination (nuns) during the Buddha's time and in modern times?,Women's monastic forms,History/Early Buddhism,,,Buddha/Biography,Bhikkhunī,History/Sri Lankan Buddhism,Culture/Thailand,,,Yes,,,
5,,,26:39,29:14,,Could you talk about the role memory plays in perception?,Memory,Perception,,,Thai,,,,,,Yes,,Perception,100
5,,,29:15,,,"I'm concerned about Alzheimer's disease and getting stuck between life and death, loosing all I've learned about mindfulness practice and all my dignity. Where is the silver lining in this life's challenge?",Death,Sickness,Ageing,,,,,,,,,,,
5,,,33:00,,,"Please explain the hierarchy of devas, gods, etc. in relation to the Buddha. How is it that a mortal being can be more evolved or enlightened than gods? Do gods and devas create karma? Are they born again as gods or devas or humans?",Deva,Buddha,,,,,,,,,,,,
5,,,38:07,,,"If a lay person wants to follow the seventh precept in daily life, refraining from entertainment seems fairly straightforward. Would you please explain more specifically refraining from ‘beautification and adornment?’ Does owning artwork fall anywhere into precept seven?",Entertainment and adornment,,,,,,,,,,,,,
5,,,41:58,,,Appreciation for becoming aware of consciousness as a nutriment.,Consciousness,Nutriment,,,,,,,,,,,,
5,,,43:59,51:39,,Please demonstrate how to bow. Are there any cultural differences?,Bowing,Cultural context,,,Ajahn Chah,Culture/Thailand,Ajahn Chah monasteries,Tranquility,Continuity of mindfulness,,Yes,,Bowing,150
5,Story,,,,,Ajahn Chah corrects a candidate's bowing posture at his ordination ceremony.,Ajahn Chah,Ordination,Bowing,,,,,,,,,,,
5,,,51:42,,,"As I've been pondering about consciousness as nutriment, which pointed me to the self. I am wondering, is the self attachment? But attachment is not permanent either. So could we say the self can be either attachment and/or non-attachment, the owner or non-owner? Not trying to find self, rather understanding self? Perhaps pure self as opposed to impure self? Please comment.",Consciousness,Nutriment,Not-self,Clinging,,,,,,,,,,
5,,,55:23,,,I was a little confused this morning about the nutriments. I'm assuming the nutriments nourish our suffering. What are the nutriments? How would consciousness and mental volition differ in feeding dukkha?,Nutriment,Consciousness,Volition,Suffering,,,,,,,,,,
5,,,60:14,,,Would you share one of Pooh's many nuggets of wisdom to inspire?,Winnie-the-Pooh,,,,,,,,,,,,,
5,,,62:02,69:00,,"Can you clarify the difference between desire and intention? It seems that either could lead to suffering due to attachments to the results. Yet we are encouraged to have intentions for well-being, health, happiness, etc. Isn't our intention also a desire?",Desire,Volition,Clinging,Cause of Suffering,Pāli,Kamma,Craving,Bases of Success,Sensual desire,Energy,Yes,,Desire,150
5,Extra tags,,,,,,,,,,,,,,,,,,Volition,150
5,Extra tags,,,,,,,,,,,,,,,,,,Craving,150
5,Sutta,,,,,SN 56.11: Dhammacakkappavattanasutta ([Chanting Book translation](Chanting Book V2 p. 2)),,,,,,,,,,,,,,
6,,,0:00,3:28,,"In working with the Four Noble Truths, to understand suffering, does the Buddha mean knowing for instance the pain in your heart, the stress around your eyes, or does he also mean to see with insight its karmic effect on yourself and others?",Four Noble Truths,Noble Truth of Suffering,Kamma,,Suffering,Pāli,Happiness,,,,Yes,,,
6,,,3:33,4:37,,"To abandon the cause, does it mean in that moment or completely?",Cause of Suffering,,,,Memory,,,,,,Yes,,Cause of Suffering,150
6,,,4:46,,,All the stories you told us this morning made me realize the fact that what we are seeking is just right here in our mind. What do you think?,Nature of mind,,,,,,,,,,,,,
6,,,8:38,12:45,,Could you talk more about the two levels of understanding the true nature of karma: mundane and transcendent?,Kamma,Conventions,Unconditioned,,Right View,Four Noble Truths,Impermanence,Conditionality,,,Yes,,Right View,130
6,Indirect quote,,,,,"Outside of cause, beyond effect; outside of suffering, beyond happiness.|Ajahn Chah",Ajahn Chah,Unconditioned,,,,,,,,,,,,
6,,,12:49,20:23,,Competitiveness feels so pervasive here in America. What are your thoughts for working with it or healing it?,Competitiveness,Culture/West,,,Suffering,Self-identity view,Relinquishment,History/America,Proliferation,,Yes,,Competitiveness,140
6,Reflection,,,,,The nine bases of conceit.,Conceit,Competitiveness,,,,,,,,,,,,
6,,,20:25,25:60,,Could you describe the progression of anagārika and sāmaṇera training?,Sequence of training,Postulants,Novices,Abhayagiri,Eight Precepts,Not handling money,Ordination,Saṅgha decision making,Dependence,Ajahn Chah monasteries,Yes,,Sequence of training,100
6,Extra tags,,,,,,,,,,,,,,,,,,Ordination,100
6,,,26:03,26:30,,"The Middle Way – It is not 50% becoming and 50% annihilation, right? What is it the middle of?",Middle Path,,,,Suffering,Cessation of Suffering,,,,,Yes,,Middle Path,50
6,,,26:34,,,"Toward the end of this morning sitting meditation, my body started shaking from left to right for about a minute or so. While this was happening, I was observing it without getting panicked or trying to stop it and then it stopped shaking. How do you explain this experience?",Meditation/Unusual experiences,,,,,,,,,,,,,
6,,,28:29,35:36,,"In this afternoon's talk, Ajahn Karunadhammo mentioned the benefits of the bhava that results from practice or the Eightfold Path, but he described a consciousness that doesn't land in or on a self and results in freedom. Is that a consciousness that results in neither arising nor non-arising. Could you elaborate? The moment between in and out breaths seems to hold potential for this kind of consciousness.",Eightfold Path,Becoming,Unestablished consciousness,Self-identity view,Proliferation,Consciousness,Relinquishment,Fear,,,Yes,,,
6,Extra tags,,,,,,Liberation,Mindfulness of breathing,,,,,,,,,,,,
6,Cut audio,,31:37,31:44,,,,,,,,,,,,,Yes,,,
6,Quote,,,,,You want to pay attention to the experience rather than the idea about it.,Direct experience,Proliferation,,,,,,,,,,,,
6,Sutta,s,,,,"DN 11.85, MN 49.25: Consciousness luminous all around.",Unestablished consciousness,,,,,,,,,,,,,
6,Sutta,,,,,SN 12.64: Simile of the western wall.,Similes,Unestablished consciousness,,,,,,,,,,,,
6,,,35:50,36:54,,Did the Buddha perform any miracles?,Psychic powers,Buddha,,,,,,,,,Yes,,Psychic powers,80
6,Sutta,,,,,Sutta AN 3.60: The greatest miracle is teaching the Dhamma.,Psychic powers,Dhamma,Right View,,,,,,,,,,,
6,,,36:57,,,Can the monastics speak about the skillful use of caffeine for their practice?,Medicinal requisites,,,,,,,,,,,,,
6,,,40:05,43:50,,Can you please explain the asavas?,Outflows,,,,Rebirth,Suffering,Translation,,,,Yes,,Outflows,100
6,,,43:56,50:32,,Please speak a little about kataññu.,Gratitude,,,,Human,Pāli,Merit,,,,Yes,,Gratitude,130
6,Reference,,,,,Chanting Book p. 33: Verses of Sharing and Aspiration,,,,,,,,,,,,,,
6,Story,,,,,Ajahn Liem gives Abhayagiri a handwritten essay about gratitude.,Ajahn Liem,Wat Pah Pong,Ajahn Chah,Personality,Generosity,Abhayagiri,Asking forgiveness ceremony,Gratitude,Dhamma books,,,,,
6,Reference,-,,,,English translation: Gratitude p. 9.,,,,,,,,,,,,,,
6,,,50:41,,,How can I continue to deepen my practice in the absence of a living teacher?,Long-term practice,Teachers,,,,,,,,,,,,
6,,,55:40,,,Is it useful to investigate how we can only experience one conscious moment at a time?,Consciousness,Investigation of states,,,,,,,,,,,,
7,,,0:12,,,I was just reading a talk of Ajahn Chah's. He mentions ‘vipassanu.’ Could you explain this more?,Ajahn Chah,Insight meditation,,,,,,,,,,,,
7,,,1:00,,,"An Ajahn visiting Abhayagiri spoke of you receiving an honor. Would you elaborate on what it was, who bestows it, and what it means for you and the community?",Monastic titles,Ajahn Pasanno,Abhayagiri,,,,,,,,,,,
7,,,7:40,13:27,,Could you talk a bit about the kilesas? How to see them clearly and work with them skillfully without falling into discouragement and self-judgment?,Unwholesome Roots,Right Effort,Guilt/shame/inadequacy,,Mindfulness,Discernment,Recollection/Virtue,Perception,,,Yes,,Unwholesome Roots,100
7,,,13:29,,,Can you repeat the Thai words for ‘Is it worth it?’ that you mentioned this morning? I'd like to use it as a mantra.,Thai,,,,,,,,,,,,,
7,,,14:08,15:09,,Are there any suttas in the Majjhima Nikaya that you recommend that lay people study?,Sutta,Learning,Lay life,,,,,,,,Yes,,Learning,70
7,,,15:10,22:13,,Can you give me some ideas for antidotes to restlessness? So far the best I have is to give myself a set time and not move one iota from sitting or standing. Another is not to fight it but use it for imaginative contemplation.,Restlessness and worry,Determination,Recollection,,Perfections,Patience,Directed thought and evaluation,Happiness,Mindfulness of body,Mindfulness of breathing,Yes,,Restlessness and worry,100
7,Extra tags,,,,,,,,,,Tranquility,,,,,,,,,
7,Quote,,,,,It's the continuity of wholesome mental states that allows the mind to become settled and steady.,Skillful qualities,Tranquility,,,,,,,,,,,,
7,,,22:23,24:25,,Why is the Buddha referred to in the present tense in the chants? Is it because we are referring to the present potential within us?,Buddha,Chanting,,,Three Refuges,Liberation,Knowing itself,Ajahn Chah,,,Yes,,Buddha,50
7,,,24:27,26:27,,"When bowing three times, do you say something in your mind like taking refuge or anything else?",Bowing,Three Refuges,,,Ajahn Pasanno,Mindfulness of body,Buddho mantra,,,,Yes,,Bowing,?
7,,,27:44,37:31,,Can you say more about trusting the seeds of meditation practice after Alzheimer's/dementia kick in? What do you mean by going beyond liberation or consciousness? What do you mean by ‘many deeper layers’ are affected by the practice and the fruits of it will express naturally?,Sickness,Consciousness,Long-term practice,,Happiness,Proliferation,Relinquishment,Self-identity view,,,Yes,,,
7,Story,,,,,A monk with psychic abilities investigates Ajahn Chah's mind after Ajahn Chah loses his mental faculties.,,Ajahn Chah,Sickness,Psychic powers,,,,,,,,,,
7,Story,,,,,Ajahn Pasanno brings the Wat Pah Nanachat community to Ajahn Chah's nursing kuti to chant verses including Dependent Origination.,Wat Pah Nanachat,Ajahn Pasanno,Ajahn Chah,Sickness,Chanting,Dependent origination,,,,,,,,
7,Quote,,,,,"The fruits of practice arise through the simple quality of being the one who knows, taking the Buddha as refuge.",Knowing itself,Buddha,Three Refuges,,,,,,,,,,,
7,,,37:35,39:37,,"After forty years of meditating, what do you still find that is interesting?",Ajahn Pasanno,Long-term practice,,,Mindfulness of breathing,Gladdening the mind,Learning,,,,Yes,,Ajahn Pasanno,170
7,Quote,,,,,"Practicing Dhamma...sometimes it's difficult, but it's always interesting.",Practicing in accordance with Dhamma,Purpose/meaning,,,,,,,,,,,,
7,,,39:40,44:09,,I am so grateful for the peace I am developing here and in my life. It feels like a refuge. Is it the fourth refuge?,Tranquility,Gratitude,Three Refuges,,Buddha images,,,,,,Yes,,,
7,Fragment,,41:13,44:09,,,,,,,,,,,,,Yes,,,
7,Indirect quote,,,,,That farang Buddha is really like a farang. He's really tense and stressed.|Ajahn Chah,Ajahn Chah,Buddha images,Culture/West,,Ajahn Sumedho,Thai,Restlessness and worry,Humor,,,,,Culture/West,100
7,,,44:12,,,"Several months ago, I started to use the phrase: ‘I'd rather be loved than right.’ This small shift has had a tremendous impact in my life as I relinquish my need to be right, to control and to assert my ego into things.",Relinquishment,Views,,,,,,,,,,,,
7,,,48:39,58:23,,How important is chanting for one's practice? Do you have any tips for how to recite/remember the Pali chants?,Chanting,Memory,Pāli,,Monastic life,Recollection,Devotional practice,Energy,Thai Forest Tradition,Long-term practice,Yes,,Chanting,200
7,Extra tags,,,,,,,,,,Dhamma recordings,Posture/Walking,Almsround,Mindfulness,,,,,,
7,Story,,,,,Ajahn Mun would chant for over an hour each evening before he started meditating.,Ajahn Mun,Chanting,Monastic routine,,,,,,,,,,,
7,Sutta,s,,,,AN 10.60 Girimānanda Sutta; SN 56.11: Dhammacakkappavattanasutta ([Chanting Book translation](Chanting Book V2 p. 2)).,,,,,,,,,,,,,,
7,Story,,,,,The evening program at Wat Fah Krahm is three hours of chanting followed by a three-hour sit.,Wat Fah Krahm,Monastic routine,Chanting,Meditation,Ajahn Kovilo,,,,,,,,,
7,Reference,,,,,Chanting Book p. 138: Rhythm of the Pāli language.,Chanting,Pāli,,,,,,,,,,,,
7,Sutta,,,,,SN 48.9: Mindfulness related to memory.,Mindfulness,Memory,,,,,,,,,,,,
8,,,0:10,3:01,,I'm having a hard time with alcohol (not here!). Not heavy or even daily use; a glass of wine with dinner a few nights a week or at social events. I would like to stop but have a hard time sustaining for more than a month or so. Any words of encouragement?,Intoxicants,,,,Determination,Sense restraint,Gratification,,,,Yes,,Intoxicants,80
8,,,3:02,,,"When you spent time with family, did you notice any old habits resurfacing?",Ajahn Pasanno,Family,Habits,,,,,,,,,,,
8,,,5:15,9:39,,Can you please speak about faith? How to develop it? How to maintain it through the ups and downs of practice? How have you maintained your faith over forty years of practice?,Faith,Long-term practice,Ajahn Pasanno,,Language,Ajahn Chah,Patience,Mindfulness,,,Yes,,Faith,100
8,,,9:42,20:51,,"I was wondering if the merit we have done for meditation practice can be dedicated to the people (dead or alive) we pray for? How do we know it? Also, I have heard that the merit from practicing meditation will accumulate and stay with ones who have practiced that, which also carries over throughout the life or the subsequent incarnations. Can you clarify this?",Merit,Prayer,Rebirth,,Theravāda,Mahāyāna,Vajrayāna,Science,Faith,Selfishness,Yes,,,
8,Story,s,,,,told by Ajahn Paññānanda about dedication of merit.,Ajahn Paññānanda,Culture/Thailand,Superstition,Merit,Death,,,,,,,,,
8,,,21:12,25:32,,I understand that there is a council of Theravada elders who are a ‘decision making panel’ guiding the tradition. Who exactly is part of this council and who or what determines their eligibility? Will the honor being bestowed upon you and Ajahn Amaro next month make you eligible? Are there other monks in modern times who have received this honor?,History/Thai Buddhism,Saṅgha decision making,Monastic titles,Ajahn Pasanno,Politics and society,Ajahn Buddhadāsa,Ajahn Mahā Boowa,Ajahn Sumedho,P. A. Payutto,CALM Group,Yes,,,
8,Extra tags,,,,,,Ajahn Amaro,Ajahn Chah,,,,,,,,,,,,
8,,,26:16,30:41,,"If I remember correctly, you said with practice what can be realized is not so much the abandonment of the self but the misperception of a self given there has never been a self to be abandoned, correct?",Not-self,,,,Clinging,Doctrine-of-self clinging,Self-identity view,Aggregates,,,Yes,,,
8,Sutta,,,,,MN 72.15: I-making and my-making (aṅkārama-maṅkāra).,Self-identity view,Conceit,,,,,,,,,,,,
8,,,30:43,34:12,,Can you give a concrete description of how you recollect or contemplate? What's going on in your mind while you do it? What resources or mental formations do you use?,Recollection,,,,Learning,Four Noble Truths,Right Effort,Directed thought and evaluation,,,Yes,,,
8,Quote,,,,,The most effective contemplation takes place when the mind is still.,Recollection,Tranquility,,,,,,,,,,,,
8,,,34:15,45:24,,What chants would you recommend as suitable to use for patients who may be in hospice or close to death? Can Buddhist monks give last rites?,Death,Chanting,Ceremony/ritual,,Goodwill,Three Refuges,Protective chants,Culture/Thailand,Buddho mantra,Recollection/Saṅgha,Yes,,,
8,Story,,,,,Ajahn Chah requests an army truck to pick up Por Puang's body.,Ajahn Chah,Wat Pah Pong,Contentment,Mutual lay/Saṅgha support,Recollection/Death,,,,,,,,,
8,Reference,,,,,Stillness Flowing p. 662.,,,,,,,,,,,,,,
8,,,45:30,,,"The Buddha said that vedana is either pleasant, unpleasant, or neither. Contemplating papañca, I noticed that it felt comfortable – familiar and unthreatening. Would a better way to ‘neither pleasant nor unpleasant’ be ‘comfortable’ rather than ‘neutral?’",Feeling,Proliferation,Neutral feeling,,,,,,,,,,,
8,,,48:18,49:25,,Can you tell us what you find interesting about the breath? What insights have arisen for you from watching the breath?,Mindfulness of breathing,Ajahn Pasanno,,,,,,,,,Yes,,,
8,,,49:34,51:54,,"Do you have any tips for embodying the Dhamma in business situations when negotiating with aggressive individuals? I tend to walk away at a certain point, but am wondering if there's another way to turn it around, make it better for everyone?",Dhamma,Work,Right Speech,,Goodwill,Trust,Clear comprehension,Truth,,,Yes,,,
8,,,51:56,54:51,,Have you ever put a publication together on the retreat questions? Are the talks of this retreat being recorded?,Meditation retreats,Questions,Dhamma recordings,,Internet,Dhamma books,,,,,Yes,,,
8,Reference,,,,,"[Abundant, Exalted, Immeasurable]() transcribes the talks and questions from the [2008 Metta Retreat](event:Metta2008).",,,,,,,,,,,,,,
8,,,54:55,55:42,,"For decades, I believed the suffering was the food itself–that cake, that pastry, more food, another bowlful. But now I understand dukkha is not ‘the thing.’ It is the overwhelming craving, the feeling itself. And now that the dukkha is understood, how do I tolerate that feeling?",Food,Suffering,Craving,Noble Truth of Suffering,,,,,,,Yes,,,
8,Extra tags,,,,,,Patience,,,,,,,,,,,,,
8,,,55:53,57:19,,"Is it possible to meditate on forgiveness for someone who died many years ago? Does forgiveness reach that person on some level, or is it more a matter of showing compssion towards myself?",Forgiveness,Compassion,,,Kamma,,,,,,Yes,,,
8,,,57:24,59:06,,Could you explain what your ordination names mean and how they were chosen?,Ordination,Monastic titles,,,Ajahn Karuṇadhammo,Ajahn Ñāṇiko,Ajahn Pasanno,,,,Yes,,,
8,Cut audio,,57:31,57:43,,,,,,,,,,,,,Yes,,,
8,,,59:08,,,How does the process work to get a title as you do? Is this title only for monks? Will you be the only one in the USA?,Monastic titles,Ajahn Pasanno,,,,,,,,,,,,
8,,,60:52,62:56,,"I understand that our genetic disposition can't be changed, but epigenetics say that their expression can be modified by changing lifestyle. In a similar way, our kamma is given but your teachings say the expression and effects can be changed by practice. Please comment.",Science,Health,Kamma,,,,,,,,Yes,,,
8,,,62:59,69:35,,"I often feel overwhelmed with the greed, hatred, ill-will, and delusion that the corporate world exerts over the masses to the benefit of only themselves and that is destroying the planet's ability to renew itself. Could you speak about Buddhist involvement in social change movements?",Politics and society,Activism,Unwholesome Roots,Commerce/economics,Truth,Ajahn Pasanno,Non-profit organizations,,,,Yes,,,
8,Extra tags,,,,,,Selfishness,Environment,,,,,,,,,,,,
8,Reflection,0,,,,[Ajahn Pasanno](teacher:) reflects on the results of his efforts to preserve forests in Thailand.,Geography/Thailand,Environment,Ajahn Pasanno,Non-profit organizations,Activism,Learning,Greed,Corruption,,,,,,
8,Quote,,,,,Can I set an example myself and can I help encourage other people who are interested?,Activism,,,,,,,,,,,,,
8,,,70:01,74:52,,Who are the most senior monks in the Theravāda/Thai Forest Tradition? Can you speak about the lineage? Are there Thai teachers of your seniority who come to the West?,Theravāda,Thai Forest Tradition,,,,,,,,,Yes,,,
8,Quote,,,,,Sometimes people assume that the Thai Theravāda Forest Tradition is one thing. – No.,Thai Forest Tradition,Theravāda,Culture/Thailand,,,,,,,,,,,
8,Indirect quote,,,,,There's nothing organized about this religion.|Ajahn Siripañño,Spiritual traditions,Thai Forest Tradition,,,,,,,,,,Yes,,
8,,,74:57,76:23,,What is the pill in the little vial that sits next to you?,Ajahn Pasanno,Medicinal requisites,Health,,,,,,,,Yes,,,
8,,,76:28,77:15,,I have attended many deaths and that last breath appears to be really difficult to relinquish. Does this training really help? I have trouble relinquishing the small aches and pains in my body.,Death,Relinquishment,Long-term practice,Pain,,,,,,,Yes,,,
8,Quote,,,,,The holding on is way more painful than the relinquishing.,Clinging,Relinquishment,Suffering,,,,,,,,,,,
8,,,77:21,,,"In the Ānāpānasati Sutta, what is meant by ‘breathing in/out tranquilizing the mental formation?’",Mindfulness of breathing,Volitional formations,,,,,,,,,,,,
8,,,78:23,79:47,,Can you recommend a reflection or phrase to use immediately upon awakening in the morning or the last thing before sleep?,Recollection,,,,Buddho mantra,Recollection/Buddha,Ajahn Chah,,,,Yes,,Buddho mantra,110
8,,,79:56,,,I'm curious about the ceremony to bestow the honorific title. What does it entail? What is the new title? Does it change the appropriate way for us to address or refer to you?,Monastic titles,Ajahn Pasanno,,,,,,,,,,,,
8,,,82:55,1:24:49,,"If one were to choose a life partner who was not practicing the Dhamma as we know it but had some spirited lightness about them, what are some qualities we should look for in them that would make them a good partner?",Relationships,,,,Faith,Virtue,Generosity,Discernment,,,Yes,,,
8,Cut audio,,1:23:20,1:23:26,,,,,,,,,,,,,Yes,,,
8,,,1:24:52,1:26:20,,What did you plan to say [on this retreat]?,Teaching Dhamma,Meditation retreats,,,Ajahn Chah,,,,,,Yes,,,
8,,,86:25,87:47,,"Do you think it's possible to experience Nibbāna before becoming fully awakened - ‘moments of enlightenment?’ But if Nibbāna is beyond consciousness, would you remember that it happened?",Nibbāna,Stages of awakening,Consciousness,,Stream entry,,,,,,Yes,,Stream entry,90
8,,,87:48,1:28:23,,"Is there a way to measure concentration, mindfulness, and awareness?",Right Mindfulness,Right Concentration,Present moment awareness,,Tranquility,Happiness,,,,,Yes,,,