Modified:,2025,,,,,,,,,,,,,,,,,,
Session #,Kind,Flags,Start time,End time,Text,Teachers,QTag1,QTag2,QTag3,QTag4,ATag1,ATag2,ATag3,ATag4,ATag5,Off topic?,Exclude?,FTags,FTagOrder
1,Reading,,Session,,"“Apaṇṇaka Dhammas,” Don't Hold Back pp. 71–81.",,Incontrovertible practices,,,,,,,,,,,,
1,Read by,,,,,AKd,,,,,,,,,,,,,
1,Reflection,s,17:44,20:31,about the apaṇṇaka dhammas.,AKd,Incontrovertible practices,,,,Devotion to wakefulness,Meditation retreats,Energy,Moderation in eating,Sense restraint,,,,
1,Comment,2,,,Appaṇṇaka can also be translated as 'a safe bet.',AShj,Incontrovertible practices,Translation,Ajahn Ṭhānissaro,,,,,,,,,,
2,Reading,,Session,,[Walking Meditation]().,,Posture/Walking,,,,,,,,,,,,
2,Read by,,,,,AJoti,,,,,,,,,,,,,
3,Reading,,Session,,"“The Five Hindrances,” from Anthology V1 pp. 35–44.",,,,,,,,,,,,,,
3,Read by,,,,,ANy,,,,,,,,,,,,,
3,,,22:18,,Should we judge the quality of our meditation only by the time we spend in focused concentration?,AJoti;ANy;AKd;AbhSangha,Ajahn Ñāṇadhammo,Meditation/Results,Concentration,,Mindfulness,Right Effort,Investigation of states,Ajahn Sumedho,Hindrances,,,Meditation/Results,170
3,Reference,s,,,"[Walking Meditation](); “The Five Hindrances,” from Anthology V1 pp. 35–44.",,,,,,,,,,,,,,
3,Story,,,,Ajahn Tate and the bhavaṅga states.,AJoti;ANy,Ajahn Tate,Wrong concentration,Ajahn Mun,Investigation of states,Mindfulness of body,,,,,,,,
3,Story,,,,Ajahn Khao meditates all night with no awareness.,ANy,Ajahn Khao,Ajahn Mun,Wrong concentration,,,,,,,,,,
4,Reading,,Session,,“Purpose” by [Ajahn Paññāvaḍḍho](teacher:) in Uncommon Wisdom pp. 133-145.,APannavaddho,,,,,,,,,,,,,
4,Read by,,,,,AJivako,,,,,,,,,,,,,
4,,,23:35,,Has anyone had personal experiences of Ajahn Paññāvaḍḍho?,APes,Ajahn Paññāvaḍḍho,,,,Dhamma,Teaching Dhamma,Ajahn Mahā Boowa,Personal presence,Faith,,,,
4,Comment,3,27:38,,You get more of the vibe of Ajahn Paññāvaḍḍho by listening to recordings than reading.,AJivako,Ajahn Paññāvaḍḍho,Teaching Dhamma,Dhamma books,Dhamma recordings,,,,,,,,,
4,Reference,,,,Many [recordings of Ajahn Paññavaḍḍho](https://forestdhamma.org/audio/dhamma-of-ajaan-pannavaddho/) are available on [forestdhamma.org](https://forestdhamma.org).,,,,,,,,,,,,,,
5,Reading,,Session,,“The Path of Non Contention” by [Ajahn Amaro](teacher:) in Beginning Our Day V1 pp. 215-217.,AA,Non-contention,,,,,,,,,,,,
5,Read by,,,,,AKsp,,,,,,,,,,,,,
5,Comment,s,8:36,9:31,about understanding metta as radical acceptance.,AKd,Goodwill,,,,,,,,,,,,
5,,,9:39,,"What is the relationship between truthfulness, the truth of the way things are, and metta?",AKd,Truth,Goodwill,,,Perfections,Aversion,,,,,,,
5,Comment,3,,,Bhikkhu Bodhi presents the Ten Perfections in linear order.,AJoti,Bhikkhu Bodhi,Perfections,,,,,,,,,,,
5,Reference,-,,,[A Study of the the Pāramīs](https://bodhimonastery.org/a-study-of-the-paramis.html) by Bhikkhu Bodhi.,,,,,,,,,,,,,,
5,Comment,3,,,The preception of not-self helps us avoid denying unskillful mind states.,AKc,Not-self,Truth,Unskillful qualities,Self-identity view,,,,,,,,,
6,Reading,,0:00,6:36,“Awe” from Meditations V6 pp. 47-49.,,,,,,,,,,,,,,
6,Read by,,,,,AKc,,,,,,,,,,,,,
6,Reading,,6:36,22:21,"“Strengthening Mindfulness,” a [Dhamma talk](https://www.dhammatalks.org/audio/evening/2012/120104-strengthening-mindfulness.html) given by [Ajahn Ṭhānissaro](teacher:) on January 4, 2012.",AThan,,,,,,,,,,,,,
6,Read by,,,,,AKc,,,,,,,,,,,,,
6,Comment,2s,22:45,,"about the translation of saṃvega as fear, terror, or awe.",ANy;AKd,Spiritual urgency,Translation,Fear,,,,,,,,,,
7,Reading,,Session,,“Presence” by [Ajahn Paññāvaḍḍho](teacher:) in Uncommon Wisdom pp. 147-156.,APannavaddho,,,,,,,,,,,,,
7,Read by,,,,,APes,,,,,,,,,,,,,
7,Comment,2s,21:06,,about the Middle Way being different for different people.,ANy;AKd;APes,Middle Path,Unwholesome Roots,Idealism,,,,,,,,,,
8,Reading,s,Session,,"“Where There’s a Will, There’s a Way,” [pp. 12-19](Kamma 1st Ed p. 1) and ""Bright Kamma,"" [pp. 26-31](Kamma 1st Ed p. 23) from [Kamma 1st Ed]().",,Kamma,,,,,,,,,,,,
8,Read by,,,,,AShj,,,,,,,,,,,,,
8,Note,,,,"These readings come from the first edition, which Ajahn Sucitto has substantially corrected and revised. Please use the [second edition](Kamma and the End of Kamma) when possible.",,,,,,,,,,,,,,
8,Other,,26:41,28:04,Appreciation for Ajahn Sucitto's detailed descriptions of the maneuverings of the mind by {teachers}.,AKd;AShj,Ajahn Sucitto,Teaching Dhamma,,,,,,,,,,Ajahn Sucitto,120
8,Reference,,,,[Kamma and the End of Kamma]().,,,,,,,,,,,,,,
8,,,28:13,29:19,Does Ajahn Sucitto describe sati as more a mind quality and sampajañña more a heart quality?,AShj;ANy,Ajahn Sucitto,Mindfulness,Clear comprehension,Heart/mind,,,,,,,,,
8,Reference,,,,Kamma 1st Ed p. 30.,,,,,,,,,,,,,,
8,Comment,3,29:22,,Ajahn Sucitto suggests cutting out habitual reaction patterns by bringing up the perception of not-self.,AKd,Ajahn Sucitto,Right Effort,Habits,Not-self,,,,,,,,,
8,Extra tags,,,,,,Conditionality,Relinquishment,,,,,,,,,,,
8,Reference,,,,[Kamma and the End of Kamma]().,,,,,,,,,,,,,,
8,Comment,3,30:37,33:02,The habitual perceptual patterns condition what we seek out to experience.,AKd,Habits,Perception,Craving,,Ignorance,,,,,,,,
8,Reference,,,,[Kamma and the End of Kamma]().,,,,,,,,,,,,,,
8,Comment,3,,,"We can see how our body and mnd are in constant flux, but we see others as fixed and solid.",ANy,Impermanence,Views,Community,,,,,,,,,,
8,Story,,,,A peaceful sīladhara no longer tells stories in her mind.,AJoti,Proliferation,Community,Equanimity,,,,,,,,,,
9,Reading,,Session,,“Why Come to a Monastery?” by Ajahn Candasiri in Friends on the Path pp. 13-21.,ACandasiri,,,,,,,,,,,,,
9,Read by,,,,,AKha,,,,,,,,,,,,,
9,Discussion,,14:40,,about desire as natural and the reduction and eventual elimination of desire.,AKd,Desire,,,,Aversion,Cause of Suffering,Judgementalism,Cessation of Suffering,,,,,
9,Reference,,,,“Why Come to a Monastery?” by Ajahn Candasiri in Friends on the Path pp. 13-21.,,,,,,,,,,,,,,
9,Comment,3,,,The word natural carries positive connotations in English.,AKc,Naturalness,Language,Culture/West,,,,,,,,,,
9,,,19:41,,Is desire itself the problem or is clinging to and identifying with desire the problem?,AKd,Desire,Clinging,Self-identity view,,Feeling,Dependent origination,,,,,,Naturalness,150
9,Extra tags,,,,,,,,,,,,,,,,,Craving,160
9,Quote,,,,Taṇhā is eliminate-able.,,Craving,Cessation of Suffering,,,,,,,,,,,
9,Comment,,,,about distinguishing between hunger and taṇha at meal time.,Anon,Food,Craving,Moderation in eating,,,,,,,,,,
9,Response,-,,,,AKd;ANy,Views,,,,,,,,,,,,
9,Discussion,0,24:54,,Further ++discussion++ about the role of desire in practice. Led by {teachers}.,AKd,Desire,,,,Noble Truth of Suffering,Conditionality,Human,Monastic life,Judgementalism,,,,
9,Comment,,,,"If you aren't willing to see desire as a dhamma, then you'll never see Dhamma.",AKha,Desire,Dhamma,,,Culture/West,Guilt/shame/inadequacy,,,,,,,
9,Reference,-,,,“Why Come to a Monastery?” by Ajahn Candasiri in Friends on the Path pp. 13-21.,,,,,,,,,,,,,,
9,Indirect quote,0,,,"A practitioner tells Ajahn Paññāvaḍḍho that sexual desire is natural. He replies, ""So is the Dhamma.""",APes,Ajahn Paññāvaḍḍho,Sensual desire,Naturalness,Dhamma,,,,,,,,,
9,Recollection,,,,of Ajahn Karuṇadhammo's advice to an anagārika about different approaches to dealing with lust.,APes,Ajahn Karuṇadhammo,Sensual desire,Unattractiveness,Characteristics of existence,,,,,,,,,
10,Reading,,Session,,“The Beauty of Sila” by [Ajahn Jayasaro](teacher:) in Forest Path pp. 57-68.,AJaya,Virtue,,,,,,,,,,,,
10,Read by,,,,,TGam,,,,,,,,,,,,,
10,Comment,,22:02,24:11,I have to brace myself when someone is about to kill a bug.,,Killing,Judgementalism,,,,,,,,,,,
10,Response,,,,,AKd,Conscience and prudence,Aversion,Admonishment/feedback,Ajahn Ṭhānissaro,Goodwill,Precepts,,,,,,,
11,Reading,,0:00,,“Levels of the Breath” from Meditations V5 pp. 47-51.,,Mindfulness of breathing,,,,,,,,,,,,
11,Read by,,,,,TKon,,,,,,,,,,,,,
11,Reading,,12:00,,“The Four Jhanas” from Meditations V5 pp. 52-57.,,Mindfulness of breathing,Jhāna,,,,,,,,,,,
11,Read by,,,,,TKon,,,,,,,,,,,,,
11,,,26:48,27:22,Are breath energy and awareness the same thing?,TKon,Mindfulness of breathing,Present moment awareness,Ajahn Ṭhānissaro,,,,,,,,,,
12,Reading,,Session,,“Cultivating Gratitude” by [Ajahn Pasanno](teacher:) in Gratitude p. 53.,AP,Gratitude,,,,,,,,,,,,
12,Read by,,,,,TJag,,,,,,,,,,,,,
12,,,15:44,,"During the development of Abhayagiri over the years, has there been a shift in how strictly some practices, activities are followed?",AKd;DS,Amaravati,Ajahn Sumedho,Ascetic practices,Culture/West,Ajahn Chah,Devotion to wakefulness,Work,Ajahn Pasanno,Admonishment/feedback,,,,
12,Extra tags,,,,,,Divine Abidings,Abhayagiri,,,Protocols,Ajahn Amaro,Guilt/shame/inadequacy,,,,,,
12,Story,,,,Can we ask for soymilk?,DS;AKd,Food,Simplicity,Ajahn Pasanno,,,,,,,,,,
12,Recollection,,,,The effects of the gap in seniority between Ajahn Amaro and (then) Tan Karuṇadhammo.,,Abhayagiri,Ajahn Amaro,Ajahn Karuṇadhammo,Sequence of training,,,,,,,,,
12,Recollection,,,,Ajahn Pasanno is lighter and softer now.,DS,Ajahn Pasanno,Personal presence,,,,,,,,,,,
12,Recollection,,,,The gung-ho early days of Chithurst and Amaravati.,DS,Chithurst,Amaravati,Ascetic practices,Disrobing,,,,,,,,,
12,Recollection,,,,The beginning of sharing circles.,DS,Sharing circles,Abhayagiri,Culture/West,Culture/Thailand,,,,,,,,,
12,Comment,,26:51,,Abhayagiri works because the abbots empower members of the community to be in charge of different aspects of the monastery.,ANy,Abhayagiri,Abbot,Saṅgha decision making,,,,,,,,,Saṅgha decision making,160
12,Recollection,,,,Ajahn Pasanno asks the Saṅgha before accepting invitations.,ANy;AShj,Ajahn Pasanno,Saṅgha decision making,,,,,,,,,,,
12,Quote,-,,,Ajahn Pasanno is genuinely open to junior members' opinions.,AShj,Ajahn Pasanno,Admonishment/feedback,Humility,,,,,,,,,,
12,Comment,,,,Less admonishment in korwat is needed now at Abhayagiri because momentum has built and you can follow the group.,AShj,Abhayagiri,Protocols,Admonishment/feedback,,,,,,,,,,
12,Response,-,,,,AKd,,,,,,,,,,,,,
12,Recollection,,29:46,32:54.5,Ajahn Pasanno consults the group rather than dictating decisions.,AJoti,Ajahn Pasanno,Abbot,Abhayagiri,Saṅgha decision making,,,,,,,,Abbot,145T
12,Extra tags,,,,,,Leadership,,,,,,,,,,,,
12,Indirect quote,,,,Sometimes it's better to be harmonious than to be right.|Ajahn Pasanno,,Ajahn Pasanno,Communal harmony,Views,,,,,,,,,,
12,Indirect quote,,,,"I must hurry, for there they go, and I am their leader.|Sign above a boss's desk",AKd,Leadership,Humor,,,,,,,,,,,
12,Story,o,32:53,,Carrying wood to the Cloth Yurt.,AJoti,Ajahn Jotipālo,Ajahn Pasanno,Lodging,Work,,,,,,,,,
12,Extra tags,,,,,,Abhayagiri,,,,,,,,,,,,
12,Story,,33:33,34:24,"""How is it going? There are a lot of weeds growing on your walking path.""",DS,Ajahn Pasanno,Debbie Stamp,Work,Posture/Walking,,,,,,,,,
12,Response,,,,,AKd,Gratitude,,,,,,,,,,,,
13,Reading,,Session,,“Being Awareness Itself” from [Don't Take Your Life Personally]().,,Knowing itself,,,,,,,,,,,,
13,Read by,,,,,TSud,,,,,,,,,,,,,
13,Other,,31:22,33:18,{teachers} delights in Ajahn Sumedho's ability to share Dhamma.,AP,Ajahn Sumedho,Teaching Dhamma,Empathetic joy,,,,,,,,,,
13,Indirect quote,,33:22,34:12,Sumedho will teach you about Nibbāna. I can teach you how to look after your bowl.|Ajahn Chah to young Ajahn Vajiro,,Ajahn Chah,Ajahn Vajiro,Ajahn Sumedho,Nibbāna,,,,,,,,,
13,Extra tags,,,,,,Almsbowl,Protocols,,,,,,,,,,,
13,,,34:15,,Can you recommend a book of koans for inspiration?,,Zen,Koan,Dhamma books,,Ajahn Sumedho,Hua tou,Master Hsu Yun,,,,,,
13,Story,,,,Ajahn Chah encourages Ajahn Sumedho to develop the hua tou technique.,,Ajahn Chah,Ajahn Sumedho,Hua tou,Mahasi Sayadaw,Master Hsu Yun,Ven. Ñāṇatiloka,,,,,,,
13,Reference,-,,,[Word of the Buddha]().,,,,,,,,,,,,,,
13,Story,,38:00,39:41,Harata Rōshi's response to a question about koans.,AJoti,Harata Rōshi,Koan,,,Translation,,,,,,,,
13,Response,,,,,AP,Knowing itself,,,,,,,,,,,,
14,Reading,,Session,,“_Khanti_ – Patient Endurance” from The Real Practice p. 20.,,Patience,,,,,,,,,,,,
14,Read by,,,,,DS,,,,,,,,,,,,,
14,,2,25:24,28:28,about the idea of punishment in the Vinaya.,,Vinaya,Disciplinary transactions,,,Thai,Translation,Kamma,,,,,,
14,,,28:29,,Where does the story in the reading come from?,,Stories,,,,Commentaries,,,,,,,,
14,Reference,,,,“_Khanti_ – Patient Endurance” from The Real Practice p. 20.,,,,,,,,,,,,,,
14,,,30:03,,Could you give some guidance on when to patiently endure and when to use discernment to deal with something?,AP;AKd;AJoti,Patience,Discernment,,,Right Effort,Skillful qualities,Unskillful qualities,,,,,Patience,90
14,Story,,,,A fortune teller reads Ajahn Chah's palm.,AP,Ajahn Chah,Aversion,,,,,,,,,,,
15,Reading group,,Session,,,BSteff,,,,,,,,,,,,,
15,Reading,,,,"“What is the Timeless?,” a Dhamma talk by Ajahn Vīradhammo at Tisarana Monastery in 2016.",AVira,,,,,,,,,,,,,
15,Reading,,,,"“The Middle Way of Knowing Mental Formations,” a Dhamma talk by Ajahn Vīradhammo at Tisarana Monastery in 2016.",AVira,,,,,,,,,,,,,
15,Comment,,23:22,,"This reading reminds me of a sutta where the Buddha defines ""apparent here and now.""",ANy,Recollection/Dhamma,,,,Investigation of states,Mindfulness of mind,,,,,,,
15,Sutta,,,,AN 3.53,,,,,,,,,,,,,,
15,Story,,23:51,25:16,"Entering a cold river is just saṅkhāra,",AJoti,Ajahn Kusalo,Bhante Rahula,Volitional formations,,Ajahn Jotipālo,Arrow River,,,,,,,
16,Reading,,Session,,“Head and Heart Together” from Head and Heart Together pp. 51-60.,,,,,,,,,,,,,,
16,Read by,,,,,AKd,,,,,,,,,,,,,
16,Comment,s,24:35,,on right view and skillful cause and effect regarding the brahmaviharas.,AKd,Right View,Right Intention,Conditionality,Kamma,Insight meditation,Goodwill,,,,,,,
16,Extra tags,,,,,,Divine Abidings,,,,,,,,,,,,
16,,,26:12,28:30,Did Ajahn Chah emphasize generosity and service more for Westerners than for Thais?,AP,Ajahn Chah,Generosity,Service,Culture/West,Culture/Thailand,,,,,,,,
16,Comment,,28:32,,"In ""[Selves and Not-Self](),"" Ajahn Ṭhānissaro talks about generosity and metta as wisdom practices.",AShj,Ajahn Ṭhānissaro,Generosity,Goodwill,Discernment,Self-identity view,,,,,,,,
16,Response,,,,,AKd,Becoming,Not-self,,,,,,,,,,,
17,Other,,0:00,0:51,Brief biography of Ajahn Khemadhammo.,AJoti,Ajahn Khemadhammo,Prisons,,,Monastic titles,Service,,,,,,,
17,Reading,,1:06,3:18.5,“Invincibility” by [Ajahn Khemadhammo](teacher:) from Seeing the Way V2 pp. 11-13.,AKhemadhammo,,,,,,,,,,,,,
17,Read by,,,,,AJoti,,,,,,,,,,,,,
17,Reading,,3:19.5,21:24,"“The Road Towards the Exit from the Prison of Hatred,” a [Dhamma talk](https://amaravati.org/audio/the-road-towards-the-exit-from-the-prison-of-hatred/) by Ajahn Khemadhammo at 2015 Amaravati Kaṭhina.",AKhemadhammo,,,,,,,,,,,,,
17,Read by,,,,,AJoti,,,,,,,,,,,,,
17,,,21:30,,How has work with prisoners affected Ajahn Khemadhammo?,AP;AJoti,Ajahn Khemadhammo,Prisons,,,Determination,Service,Truth,,,,,,
17,,,24:53,25:33,Where does Ajahn Khemadhammo live?,AP,Ajahn Khemadhammo,,,,Mutual lay/Saṅgha support,,,,,,,,
17,Story,,25:36,,Ajahn Khemadhammo creates Buddha groves in prisons.,AP,Ajahn Khemadhammo,Prisons,Buddha images,,Ceremony/ritual,Ajahn Pasanno,Tranquility,,,,,,
17,Story,,28:05,29:26,The inmate leading the Buddhist group was caught selling drugs.,AP,Ajahn Khemadhammo,Prisons,Intoxicants,,,,,,,,,,
17,Comment,2s,,,"about intoxicants, crime, and prisons.",BSteff;AP,Intoxicants,Crime,Prisons,,,,,,,,,,
18,Reading group,,Session,,,ANy,,,,,,,,,,,,,
18,Reading,,,,“Hindrances and their Cessation” from [Anthology V2]() pp. 47-51. An older version is available online in _[Mindfulness: The Path to the Deathless](Path to the Deathless p. 40)_.,,,,,,,,,,,,,,
18,Reading,,,,“Emptiness and Form” from [Anthology V2]() pp. 53-57. An older version is available online in _[Mindfulness: The Path to the Deathless](Path to the Deathless p. 44)_.,,,,,,,,,,,,,,
18,Reading,,,,“Inner Vigilance” from [Anthology V2]() pp.  59-62. An older version is available online in _[Mindfulness: The Path to the Deathless](Path to the Deathless p. 49)_.,,,,,,,,,,,,,,
18,,,16:35,,Is Ajahn Sumedho saying that art is always coming from a place of ego?,,Artistic expression,Self-identity view,,,Doubt,,,,,,,,
18,Quote,,,,"How do we respond to doubt? ...out of fear, out of worry? How do we try to make things certain and sure? That's what we have to figure out.",,Doubt,Fear,Impermanence,,,,,,,,,,
18,Comment,2,17:42,,about the arising of self even in abstract thought.,AKc,Proliferation,Self-identity view,,,,,,,,,,,
18,Response,,,,,,Self-identity view,Cause of Suffering,,,,,,,,,,,
18,Comment,s,19:37,23:48,about self in creative endeavors.,AJoti;AP;ANy,Artistic expression,Self-identity view,,,Christianity,Discernment,Tranquility,Buddha/Biography,Ajahn Liem,,,Artistic expression,150
18,Reference,,,,“Inner Vigilance” from [Anthology V2]() pp.  59-62. An older version is available online in _[Mindfulness: The Path to the Deathless](Path to the Deathless p. 49)_.,,,,,,,,,,,,,,
19,Reading,,Session,,[Feed the Mice]().,,,,,,,,,,,,,,
19,Read by,,,,,AJivako,,,,,,,,,,,,,
19,Comment,2s,18:43,19:14,about the role of parents.,AShj,,,,,,,,,,,,,
19,Indirect quote,,,,Our mothers are our umbilical cord to the universe.|Reverend Heng Sure,,Rev. Heng Sure,Parents,Birth,Death,,,,,,,,,
20,Reading,,Session,,“Recollecting Our Goodness” by [Ajahn Amaro](teacher:) in Beginning Our Day V1 pp. 23-26.,AA,,,,,,,,,,,,,
20,Read by,,,,,AKsp,,,,,,,,,,,,,
20,,,11:52,,At what point does it become unskillful to continue to reflect on one's own good deeds?,AP;BSteff,Recollection/Virtue,Unskillful qualities,,,Self-identity view,Right Effort,Recollection/Generosity,Culture/West,Christianity,,,,
20,Extra tags,,,,,,,,,,Guilt/shame/inadequacy,,,,,,,,
20,Indirect quote,,,,"In Buddhism, we don't believe in original sin. We believe in original purity.|King Rama IX to a BBC interviewer",,King Rama IX,Christianity,Nature of mind,,,,,,,,,,
20,Reference,,,,The [1979 BBC interview on YouTube](https://youtu.be/30xmDHeg1qQ?si=wCU9WV8Pyal1ugky&t=313).,,,,,,,,,,,,,,
20,Commentary,,,,Path of Purification p. 104: Forty subjects of meditation.,,,,,,,,,,,,,,
20,Story,,,,Western researchers find Tibetans who have been tortured don't suffer post-traumatic stress.,,Abuse/violence,Vajrayāna,Three Refuges,Recollection/Virtue,Compassion,,,,,,,,
20,Story,,,,"God's finger over the ""Smite"" button.",,God,The Far Side,,,,,,,,,,,
20,Comment,,,,The Dalai Lama emphasizes the effect of faith in the law of kamma.,AKd,Dalai Lama,Kamma,Faith,,,,,,,,,,
20,Response,,,,,AP,Right View,,,,,,,,,,,,
20,Discussion,,24:37,,about evaluating the results of practice.,AP,Meditation/Results,Right Effort,,,Faith,Investigation of states,Self-identity view,Not-self,,,,,
20,Comment,,,,I notice that I have preconceptions about the way I evaluate my practice.,AKha,Meditation/Results,Right Effort,,,,,,,,,,,
20,Response,0-,,,++Response:++ [Ajahn Pasanno](teacher:) distinguishes between investigation and evaluation.,AP,Faith,Investigation of states,Self-identity view,,,,,,,,,,
20,Comment,3,,,"The very pattern, ""What will make me good enough?"" is suffering.",AKc,Habits,Self-identity view,Cause of Suffering,,,,,,,,,,
20,Response,-,,,,AP,Investigation of states,Faith,,,,,,,,,,,
20,Story,,,,Aversion towards the nada sound and the importance of having a teacher.,AJoti,Teachers,Ajahn Jotipālo,Sound of silence,Aversion,Insight Meditation Society,Ajahn Amaro,,,,,,,
21,Reading,,Session,,[We Are All Translators]().,,,,,,,,,,,,,,
21,Read by,,,,,AKc,,,,,,,,,,,,,
21,,,25:09,25:26,[We Are All Translators]() mentions the virtue of using different techniques by different teachers in the practice. Was this part of your decision to choose this reading?,AKc,Meditation/Techniques,,,,,,,,,,,,
22,Reading,,Session,,Excerpts from [Rude Awakenings]().,ASucitto,,,,,,,,,,,,,
22,Read by,,,,,APes,,,,,,,,,,,,,
22,,,29:41,,Was your experience (in India) similar to what is described in [Rude Awakenings]()?,APes;ANy,Culture/India,Ajahn Sucitto,,,Tudong,Almsround,,,,,,,
22,,,30:38,31:31,How does the opportunity to go on pilgrimage in India come about for monastics?,ANy,Visiting holy sites,Monastic life,,,Mutual lay/Saṅgha support,Ajahn Achalo,Ajahn Pesalo,Ajahn Ñāṇiko,,,,,
22,,,31:37,36:32,"Ajahn Ñāṇiko, during your time in India, was there a big takeaway from your experience or stories or experiences you would be willing to share?",ANy,Ajahn Ñāṇiko,Visiting holy sites,,,Culture/India,Sickness,Poverty,,,,,,
22,Story,,,,"Going almsround outside Bodh Gaya: ""It's rare to be able to give to a samaṇa.""",,Culture/India,Perception of a samaṇa,Types of monks,Sickness,,,,,,,,,
22,Comment,,36:38,38:10,The part of _Where Are You Going?_ where Ajahn Sucitto describes how he felt when his mother died is beautiful.,Jeed,Ajahn Sucitto,Parents,Death,Emotion,,,,,,,,,
22,Reference,,,,"[Great Patient One](), Chapter 21 ""The First Goodbye"" and onwards.",,,,,,,,,,,,,,
22,Response,,,,,APes,,,,,,,,,,,,,
22,Comment,,38:39,40:43,I enjoyed the counterpoint between Ajahn Sucitto and Nick Scott in [Rude Awakenings](Rude Awakenings).,,Ajahn Sucitto,Nick Scott,Personality,,,,,,,,,,
22,Response,s,,,,AJoti;APes;AShj,,,,,,,,,,,,,
23,Reading,,Session,,“Self” by [Ajahn Paññāvaḍḍho](teacher:) in Uncommon Wisdom pp. 235-244.,APannavaddho,,,,,,,,,,,,,
23,Read by,,,,,AShj,,,,,,,,,,,,,
23,,,21:57,,"Ajahn Pasanno, did you have a chance to spend much time with Ajahn Paññavaddho?",,Ajahn Paññāvaḍḍho,Ajahn Pasanno,,,,,,,,,,,
23,,,22:18,,"Can you say anything about the ""voice of dhamma"" Ajahn Paññāvaḍḍho describes [in the reading ""[Self](Uncommon Wisdom p. 235)""] versus the voice we hear inside our head? is it like the voice of conscience?",,Dhamma,Conscience and prudence,,,Knowing itself,,,,,,,,
24,Reading,,Session,,"“Attammayata,” The Island pp. 113-124.",,Non-identification,,,,,,,,,,,,
24,Read by,,,,,AKha,,,,,,,,,,,,,
24,,,29:47,,"Can you provide guidance on the contemplation of conceiving, and name and form?",AP;AShj;AKha,Conceit,Aggregates,Proliferation,,Suffering,Nature of mind,Advertizing,Impermanence,Relinquishment,,,,
24,Extra tags,,,,,,,,,,Non-identification,Four Noble Truths,,,,,,,
24,Sutta,,,,"Ud 3.10: “For however one conceives it, it is always other than that.”",,,,,,,,,,,,,,
24,Indirect quote,,,,The mind is a liar and a cheat.|Ajahn Chah,AP,Ajahn Chah,Nature of mind,False speech,,,,,,,,,,
24,Reference,,,,"Ajahn Buddhadāsa's Nine Eyes, The Island p. 116.",,Ajahn Buddhadāsa,Characteristics of existence,,,,,,,,,,,
24,Sutta,,,,"Ud 1.10 Bāhiya Sutta: ""In the seen there is only the seen...""",,Sense bases,Perception,Conceit,,,,,,,,,,
24,Quote,,,,You can hurt yourself even with really good tools.,AP,Meditation/Techniques,Right Effort,,,,,,,,,,,
24,,,39:53,41:42,Can you restate Luang Por Dune's rendering of the Four Noble Truths?,,Ajahn Dune,Four Noble Truths,,,Thai,,,,,,,,
24,,,41:45,43:46,"What does the phrase ""beyond good and evil"" mean in reference to the mind of an arahant?",,Arahant,Skillful qualities,Unskillful qualities,,Thai,,,,,,,,
24,Indirect quote,,,,"Above cause, beyond effect. Above good, beyond evil. Above merit, beyond demerit.|Ajahn Chah",,Ajahn Chah,Conditionality,Skillful qualities,Unskillful qualities,Merit,,,,,,,,
25,Reading,,Session,,“Body” by [Ajahn Paññāvaḍḍho](teacher:) in Uncommon Wisdom pp. 190-198.,APannavaddho,Unattractiveness,,,,,,,,,,,,
25,Read by,,,,,TGam,,,,,,,,,,,,,
25,,,15:45,,"Do the Thai Forest masters emphasize hair, teeth, nails, and skin in their body contemplation because those are more obvious to cultivate?",AP;AShj,Thai Forest Tradition,Mindfulness of body,Unattractiveness,,Ordination,,,,,,,,
25,,,18:28,23:08,Do you contemplate the body before you contemplate mind?,,Thai Forest Tradition,Mindfulness of body,Mindfulness of mind,,Culture/West,Nature of mind,Sense bases,Aggregates,,,,,
25,Follow-up,,,,Do you need to let go of the body before you can go deep into the mind?,,Mindfulness of body,Mindfulness of mind,,,,,,,,,,,
25,,,23:10,26:08,"When you are sick, the body is not happy, so it is not that easy to meditate, right?",,Sickness,Happiness,Meditation,,,,,,,,,,
25,Discussion,,26:12,27:26,of the Judeo-Christian framework in the West and the split between mind and body processes.,,Culture/West,Nature of mind,,,,,,,,,,,
25,Story,,27:29,29:53,Ajahn Kalyano instructs monks to memorize the organs while watching an autopsy.,AJoti,Ajahn Kalyāṇo,Unattractiveness,Mindfulness of body,,Aversion,,,,,,,,
25,Response,,,,,AP,Aversion,Disenchantment,Dispassion,Skillful qualities,,,,,,,,,
26,Reading,,Session,,"“Five Piles of Bricks: the Khandas as Burden and Path,” Karma of Questions pp. 57-64.",,Aggregates,,,,,,,,,,,,
26,Read by,,,,,TKon,,,,,,,,,,,,,
26,Comment,0n,17:45,,"""I'm half expecting the earth to shake."" ++Comment++ by {teachers} after the reading of ""[Five Piles of Bricks](Karma of Questions p. 57).""",ANy,,,,,,,,,,,,,
26,Response,,,,All five of the Buddha's first disciples were liberated when listening to the Anattalakkhaṇa Sutta (SN 22.59; [Chanting Book translation](Chanting Book V2 p. 15)).,AP,Buddha/Biography,Liberation,Aggregates,Not-self,,,,,,,,,
26,,,18:48,,"""Is Ajahn Ṭhānissaro the first voice in a couple thousand years to propose that the khandas may not be a self, or is he drawing from another tradition?""",,Ajahn Ṭhānissaro,Commentaries,Aggregates,History,Buddha,,,,,,,,
26,,,19:45,,Could you talk about practicing with intention?,,Volition,,,,Pāli,Ajahn Chah,Precepts,,,,,Volition,100
26,Follow-up,,,,Is volition the same as becoming or an aspect of becoming?,,Volition,Becoming,,,,,,,,,,,
26,,,23:26,,How shall we listen to the Dhamma talks [read during Winter Retreat]?,,Hearing the true Dhamma,Ajahn Ṭhānissaro,Learning,,Volition,,,,,,,,
26,,,25:01,26:38,"In trying to create separation between self and the khandas, are there other tools that can help around the act of becoming?",,Aggregates,Self-identity view,Becoming,,Knowing itself,Volition,Tranquility,Investigation of states,,,,,
26,Comment,3,26:42,28:32,The Buddha taught not-self by ecouraging his disciples to ask these questions.,AShj,Teaching Dhamma,Not-self,Questions,Philosophy,,,,,,,,,
26,Sutta,,,,SN 22.59 Anattalakkhaṇa Sutta questionaire ([Chanting Book translation](Chanting Book V2 p. 16)).,,,,,,,,,,,,,,
26,Response,,,,,,Questions,Skillful qualities,Ajahn Chah,,,,,,,,,,
27,Reading group,a,Session,,,,,,,,,,,,,,,,
27,Reading,,,,"“Happiness Forever,” Anthology V3 pp. 9-10.",,,,,,,,,,,,,,
27,Reading,,,,"“Patience,” Anthology V3 pp. 65-68.",,,,,,,,,,,,,,
27,Reading,,,,"“All the Time in the World,” Anthology V3 pp. 51-52.",,,,,,,,,,,,,,
27,,,10:57,,Why is trying to conquer pain a disaster?,,Pain,,,,Self-identity view,Craving not to become,Suffering,,,,,,
27,,,14:45,21:23,"At what point in the Forest Tradition do you use a ""warrior strategy"" to conquer pain, defilements?",,Unwholesome Roots,Pain,Thai Forest Tradition,,Determination,Self-identity view,Spaciousness,Right Effort,,,,,
27,Comment,,,,"The Krooba Ajahns can get intense and fiery, but what they are actually doing is making their minds calm and then contemplating and understanding pain and defilements.",,Thai Forest Tradition,Fierce/direct teaching,Tranquility,Discernment,Pain,Unwholesome Roots,,,,,,,
27,Response,-,,,,,Culture/West,Abuse/violence,Culture/Thailand,,,,,,,,,,
27,Story,,,,A gung-ho five vassa monk tears down the spirit house in a southern Thai fishing village.,,Superstition,Abuse/violence,Rains retreat,Ajahn Chah,Culture/Thailand,,,,,,,,
27,,,21:25,,"Ajahn Sumedho talks about Ajahn Chah making him miserable, testing him. Was that your experience when you were practicing with Ajahn Chah?",,Ajahn Chah,Ajahn Sumedho,Mentoring,Ajahn Pasanno,,,,,,,,,
27,,,23:07,,"When dealing with pain, could you give examples of the questions you would ask yourself?",AP;AKc,Pain,Questions,Investigation of states,,Visualization,Ajahn Ṭhānissaro,Elements,,,,,,
28,Reading group,,Session,,,TSud,,,,,,,,,,,,,
28,Reading,,,,"""In the Mood,"" Meditations V1 pp. 30-32.",,,,,,,,,,,,,,
28,Reading,,,,"""Imagine,"" Meditations V1 pp. 24-29.",,,,,,,,,,,,,,
28,,,24:00,,"In working with the breath, when I try to spread well-being throughout the body, it seems to diminish. How do I discern whether to maintain this feeling or go back to the more intense feeling?",,Rapture,,,,Concentration,Volition,,,,,,,
28,,,26:21,,Does insight arise from deeper concentration or can it also arise from different things?,,Concentration,Insight meditation,,,Tranquility,,,,,,,,
28,Story,,,,Ajahn Pasanno experiences insight on a bus in Bangkok.,,Ajahn Pasanno,Insight meditation,Contact,Concentration,,,,,,,,,
28,Comment,s,28:54,30:58,about samādhi and continuity of practice.,,Concentration,Continuity of mindfulness,,,,,,,,,,,
29,Reading,,Session,,"“Reflecting on Beauty and Disappointment” a talk by Ajahn Vīradhammo at Berkeley Buddhist Monastery on November 3, 2015 ([original recording](https://www.abhayagiri.org/talks/6411-reflecting-on-beauty-and-disappointment)).",AVira,,,,,,,,,,,,,
29,Read by,,,,,DS,,,,,,,,,,,,,
30,Reading,,Session,,"“The One Who Knows” an unpublished talk by Ajahn Kalyāno at Bodhiyana Monastery, Melbourne Australia in October 2012 (with permission).",,,,,,,,,,,,,,
30,Read by,,,,,BSteff,,,,,,,,,,,,,
31,Reading,,Session,,"“Alone Together,” _Unexpected Freedom_  by Ajahn Munindo, pp. 151-159.",AMunindo,,,,,,,,,,,Yes,,
31,Read by,,,,,AJoti,,,,,,,,,,,,,
31,Comment,s,17:45,18:51,regarding spiritual friends and being a householder.,,Lay life,Spiritual friendship,,,,,,,,,Yes,,
31,Response,,,,,,Spiritual friendship,,,,,,,,,,,,
31,,,18:51,22:23,How much reading is appropriate?,,Learning,,,,Culture/West,Investigation of states,Suffering,Unwholesome Roots,,,,,
31,Alternate audio,,,30:48,2016-02-18 AJ Reading Alone Together by Ajahn Munindo.mp3|https://www.abhayagiri.org/media/discs/winter-retreat-2016/DVD/Audio/MP3/2016-02-18%20AJ%20Reading%20Alone%20Together%20by%20Ajahn%20Munindo.mp3,,,,,,,,,,,,,,
31,Indirect quote,,,,"If you have to read anything, read your heart.|Ajahn Chah",,Ajahn Chah,Learning,Heart/mind,,,,,,,,,,
31,Discussion,,22:33,30:46,"about loneliness, aloneness, and solitude in the practice.",,Loneliness,Spiritual friendship,Monastic life,Seclusion,Monastic life/Motivation,Self-reliance,Empathetic joy,Clinging,Dalai Lama,,,,
31,Extra tags,,,,,,,,,,Relationships,Pūjā,,,,,,,
31,Alternate audio,,,30:48,2016-02-18 AJ Reading Alone Together by Ajahn Munindo.mp3|https://www.abhayagiri.org/media/discs/winter-retreat-2016/DVD/Audio/MP3/2016-02-18%20AJ%20Reading%20Alone%20Together%20by%20Ajahn%20Munindo.mp3,,,,,,,,,,,,,,
31,Reference,,,,"“Alone Together,” Unexpected Freedom pp. 151-159.",,,,,,,,,,,,Yes,,
32,Reading,,Session,,“Identity” in _The Sound of Silence_ by Ajahn Sumedho (Anthology volume 4 or commercial).,ASumedho,,,,,,,,,,,,,
32,Read by,,,,,ANy,,,,,,,,,,,,,
32,,,21:31,26:13,Can I respond to my thoughts in ways that I think are useful?,,Directed thought and evaluation,,,,Right Effort,Cause of Suffering,Cessation of Suffering,Knowing itself,,,,,
32,Reference,,,,“Identity” in _The Sound of Silence_ by Ajahn Sumedho (Anthology volume 4 or commercial).,,,,,,,,,,,,,,
32,Comment,0,,,Appreciation for Ajahn Sumedho's image of the wheel.,ANy,Similes,,,,,,,,,,,,
32,Sutta,,,,MN 24: The purpose of Buddhist practice.,,Liberation,,,,,,,,,,,,
33,Reading,,Session,,“Memory” by [Ajahn Paññāvaḍḍho](teacher:) in Uncommon Wisdom pp. 199-210.,APannavaddho,,,,,,,,,,,,,
33,Read by,,,,,AJivako,,,,,,,,,,,,,
33,Comment,,22:23,24:31,about the meaning of sañña as memory.,,Perception,,,,,,,,,,,,
33,Response,,,,,AP,Pāli,,,,,,,,,,,,
34,Reading,,Session,,"“Why am I Talking?”, Beginning Our Day V2 pp. 92-94.",AA,,,,,,,,,,,,,
34,Read by,,,,,AKsp,,,,,,,,,,,,,
34,Recollection,,8:48,10:24,Ajahn Dohn's recollection of teaching on mindfulness to develop right speech.,AJoti,Ajahn Dohn,Mindfulness,,,,,,,,,,,
35,Reading,,Session,,"“The Wisdom of the Ego,” Head and Heart Together pp. 44-49.",,,,,,,,,,,,,,
35,Read by,,,,,AKc,,,,,,,,,,,,,
35,Comment,s,22:56,,on skillful happiness and the need for patient endurance.,AShj,Skillful qualities,Happiness,Patience,,,,,,,,,,
35,Response,,,,,,Discernment,Faith,Patience,,,,,,,,,,
35,,,24:33,,"Regarding internal happiness, is part of our problem that we don't have enough means to access it?",,Happiness,Gladdening the mind,,,Culture/West,Learning,Faith,,,,,,
35,Discussion,,26:59,,about the importance of spiritual friendship.,AP,Spiritual friendship,Renunciation,Happiness,,,,,,,,,,
35,Reference,,,,"Chanting Book p. 46: The Highest Blessings (Maṅgala Sutta, Snp 2.4).",,,,,,,,,,,,,,
35,Reflection,0,,,{teachers} reflects on his intention in coming to America.,AP,Ajahn Pasanno,Culture/West,Perception of a samaṇa,Abhayagiri,,,,,,,,,
35,Story,,28:36,,"Personality of the Abhayagiri co-abbots: ""Is he the one with the personality or is he the one who laughs all the time?""",AJoti,Ajahn Pasanno,Ajahn Amaro,Personality,Humor,,,,,,,,,
35,,,29:10,,Do people confuse the definitions of ego and self?,,Western psychology,Self-identity view,,,Four Noble Truths,,,,,,,Western psychology,80
35,Story,,,,An applicant to Wat Pah Nanachat writes a letter avoiding all personal pronouns.,,Self-identity view,,,,,,,,,,,,
35,Discussion,,31:31,35:45,"about psychotherapy models, attachment, and self.",AP,Western psychology,Self-identity view,Clinging,,Ajahn Ṭhānissaro,Four Noble Truths,,,,,,,
35,Story,,,,Meditation helps a psychiatrist treat other psychiatrists.,AP,Western psychology,Meditation,Language,,,,,,,,,,
36,Reading,,Session,,"“The Deathless Drum,” excerpts from [Chapter 9](Rude Awakenings p. 149) of [Rude Awakenings]().",,,,,,,,,,,,,,
36,Read by,,,,,APes,,,,,,,,,,,,,
36,Recollection,0,23:44,,{teachers} recollects visiting the Japanese temple in Vesali described in  [Chapter 9](Rude Awakenings p. 149) of [Rude Awakenings]().,,Ajahn Pasanno,Visiting holy sites,,,Ajahn Jayasaro,Nichiren Buddhism,,,,,,,
36,,,25:10,30:40,"Contemplating the decline of Vesali, how can we distinguish saṃvega from sadness that has no purpose?",,History/Indian Buddhism,Spiritual urgency,Depression,,Principles of non-decline,Naturalness,,,,,,,
36,Reference,,,,"“The Deathless Drum,” [Chapter 9](Rude Awakenings p. 149) of [Rude Awakenings]().",,,,,,,,,,,,,,
36,Sutta,,,,AN 7.21: Seven principles of non-decline.,,Principles of non-decline,,,,,,,,,,,,
36,Comment,s,,,about Buddhism relying upon principles rather than geographic location.,AShj;AP;APes,History/Indian Buddhism,Dhamma,Geography/India,Visiting holy sites,,,,,,,,,
37,Reading,,Session,,“Feeling”  by [Ajahn Paññāvaḍḍho](teacher:) in Uncommon Wisdom pp. 211-220.,APannavaddho,,,,,,,,,,,,,
37,Read by,,,,,AShj,,,,,,,,,,,,,
37,Discussion,,22:25,,"regarding mindfulness, the brahmaviharas, and radical acceptance",AP,Mindfulness,Divine Abidings,,,Conditionality,Guilt/shame/inadequacy,Pain,Spaciousness,Aversion,,,,
37,Extra tags,,,,,,,,,,Dependent origination,,,,,,,,
37,,,26:49,,"What is the balance between sorting out feelings internally and expressing feelings externally, not repressing them?",,Emotion,Western psychology,Community,,Goodwill,Compassion,Discernment,Learning,,,,Emotion,110
37,Comment,2,30:04,31:08,Avoidance strategies can be both external and internal.,AShj,Pain,Western psychology,Meditation,,,,,,,,,,
37,Response,s,,,,AP;AJoti,Spiritual bypass,Hindrances,,,,,,,,,,,
38,Reading,,Session,,“Citta” by [Ajahn Paññāvaḍḍho](teacher:) in Uncommon Wisdom pp. 246-256.,APannavaddho,,,,,,,,,,,,,
38,Read by,,,,,TGam,,,,,,,,,,,,,
38,,,23:00,,The way Ajahn Paññavaddho describes citta sounds like a soul. Can you discuss?,AP;TKon;AKc,Ajahn Paññāvaḍḍho,Heart/mind,Doctrine-of-self clinging,,Language,Unconditioned,Buddha,Faith,Direct experience,,,,
38,Extra tags,,,,,,,,,,Nibbāna,Four Noble Truths,Similes,,,,,,
38,Sutta,,,,Ud 8.3: Nibbāna Sutta [(Chanting Book translation)](Chanting Book p. 49).,,Unconditioned,,,,,,,,,,,,
38,Discussion,,30:26,,about Thai Forest Masters describing Nibbana.,AP,Thai Forest Tradition,Nibbāna,,,Ajahn Paññāvaḍḍho,Ajahn Mahā Boowa,Unconditioned,Ajahn Sumedho,Faith,,,,
38,Extra tags,,,,,,,,,,Direct experience,,,,,,,,
38,,,34:00,35:06,"If, in meditation, one sees thought at the point it arises, is it the sense consciousness that sees that or the pure citta?",,Directed thought and evaluation,Sense bases,Consciousness,Heart/mind,Knowing itself,,,,,,,,
38,,,35:08,36:10,"How was ""atta"" defined in the Buddha's time?",AP;AShj;AJoti,Doctrine-of-self clinging,Culture/India,,,Happiness,Rebirth,,,,,,,
38,Reference,,,,Anattalakkhaṇa Sutta [(Chanting Book translation)](Chanting Book V2 p. 14).,,,,,,,,,,,,,,
38,Comment,,36:12,37:14,The Thai Forest Tradition is looking for something that really works.,AKc,Thai Forest Tradition,Attachment to precepts and practices,,,,,,,,,,,
38,Indirect quote,,,,"If you find something you think is a diamond, smash it with a hammer and see if it's really a diamond.|Ajahn Lee",,Ajahn Lee Dhammadharo,,,,,,,,,,,,
38,Response,,,,,AP,Thai Forest Tradition,Direct experience,,,,,,,,,,,
39,Reading,,0:00,,"“The Skill of Restraint,” Meditations V4 pp. 72-76.",,Sense restraint,,,,,,,,,,,,
39,Read by,,,,,TKon,,,,,,,,,,,,,
39,Reading,,13:15,,"“Two Analogies,” Paradox of Becoming p. 23.",,Becoming,,,,,,,,,,,,
39,Read by,,,,,TKon,,,,,,,,,,,,,
39,,,23:44,31:55,Could you say something about the problem of swinging back and forth with restraint practices?,,Sense restraint,Determination,,,Practicing in accordance with Dhamma,Learning,Becoming,Self-identity view,Eightfold Path,,,,
39,Extra tags,,,,,,,,,,Discernment,,,,,,,,
39,Follow-up,,,,I remember you saying something similar in respect to sīla.,,Virtue,Attachment to precepts and practices,,,,,,,,,,,
39,,,31:58,40:37,Would you speak on skillful and unskillful ways to approach restraint?,AP;TKon,Sense restraint,Skillful qualities,Unskillful qualities,,Self-identity view,Vinaya,Monastic life,Culture/Natural environment,Spiritual friendship,,,,
39,Extra tags,,,,,,,,,,Continuity of mindfulness,,,,,,,,
39,Story,,,,Ajahn Pasanno gets frustrated with meditation and starts sweeping.,AP,Ajahn Pasanno,Wat Pah Nanachat,Meditation,Generosity,Cleanliness,,,,,,,,
39,Story,,,,Paul Breiter did not consider Abhayagiri cushy.,AJoti,Paul Breiter,Abhayagiri,Sense restraint,,,,,,,,,,
39,Comment,,,,"When you see the danger in investing outside, you don't need a straightjacket.",AShj,Sense restraint,Disenchantment,,,,,,,,,,,
39,Question,,40:40,43:53,How are contact and viññāṇa nutriment?,,Contact,Consciousness,Nutriment,,Feeling,Aggregates,Becoming,,,,,Nutriment,130
39,Sutta,,,,SN 12.63: Son's Flesh.,,,,,,,,,,,,,,
39,,,43:54,46:21,"Regarding the Honeyball Sutta (MN 18), is withdrawal of external contact, e.g. eye contact, enough?",AP;AKc;TKon,Perception,Contact,Proliferation,Sense restraint,Translation,,,,,,,,
39,Reference,,,,[Concept and Reality]().,,,,,,,,,,,,,,
,,,,,,,,,,,,,,,,,,,
40,Reading,,Session,,"“Trusting in Wholesome Intentions,” Anthology V5 pp. 215-221.",,,,,,,,,,,,,,
40,Read by,,,,,TJag,,,,,,,,,,,,,
40,,,15:25,19:00,How much did you have to adapt Ajahn Chah's training for your own practice?,,Ajahn Pasanno,Ajahn Chah,Monastic life,,Teaching Dhamma,Generosity,Mindfulness,Discernment,,,,,
40,Quote,,,,Ajahn Chah didn't have a template.,,Ajahn Chah,Teaching Dhamma,Meditation/Techniques,,,,,,,,,,
40,,o,18:59,21:46,Did Ajahn Chah have a common statement about his own core practice?,,Mindfulness of breathing,Ajahn Chah,Meditation/Techniques,,Ajahn Pasanno,Teaching Dhamma,,,,,,,
40,Sutta,,,,MN 118: Ānāpānasati Sutta.,,,,,,,,,,,,,,
40,Story,,,,Ajahn Piak reports that Ajahn Chah reaches jhāna quickly.,,Ajahn Piak,Psychic powers,Ajahn Chah,Mindfulness of breathing,Jhāna,,,,,,,,
40,Reflection,s,21:49,,about Ajahn Sumedho and Ajahn Chah.,AKc;AP,Ajahn Sumedho,Ajahn Chah,,,Habits,Seclusion,Monastic life/Motivation,,,,,,
40,Story,,,,Ajahn Sumedho becomes so fed up living with Westerners at Tam Seang Pet that he leaves.,AP,Ajahn Sumedho,Wat Tam Saeng Pet,Western Ajahn Chah lineage,Tudong,,,,,,,,,
40,Recollection,0,,,Description of Wat Tam Saeng Pet.,AP,Wat Tam Saeng Pet,Culture/Natural environment,,,,,,,,,,,
40,,,25:08,26:28,Why did you leave Wat Pah Pong to practice on your own?,,Ajahn Pasanno,Wat Pah Pong,Seclusion,,Ajahn Chah,Wat Keuan,Wat Tam Saeng Pet,,,,,,
40,Story,,26:30,27:16,Ajahn Chah spends Vassa at Wat Tam Saeng Pet.,,Ajahn Chah,Sickness,Wat Tam Saeng Pet,Rains retreat,Health care,,,,,,,,
40,Story,,27:18,29:48,Ajahn Pasanno goes to Wat Pah Nanachat to work on a bowl stand and gets sick.,,Ajahn Pasanno,Wat Pah Nanachat,Monastic crafts,Sickness,Rains retreat,,,,,,,,
40,,,29:48,30:34,Did you stay at Wat Pah Nanachat from then on?,,Ajahn Pasanno,Wat Pah Nanachat,,,Wat Pah Pong,Tudong,,,,,,,
40,,,30:35,35:09,Were you on tudong for a year?,,Ajahn Pasanno,Tudong,,,Seclusion,Dtao Dum,Ajahn Chah,,,,,,
40,Story,,,,Ajahn Pasanno takes a restless novice on tudong.,,Ajahn Pasanno,Novices,Tudong,Food,,,,,,,,,
40,Story,o,35:08,,Ajahn Pasanno founds Dtao Dum Monastery.,,Ajahn Pasanno,Dtao Dum,,,Environment,Ajahn Chah,Joseph Kappel,Rains retreat,Wat Pah Nanachat,,,Dtao Dum,110
40,Extra tags,,,,,,,,,,Ajahn Gavesako,,,,,,,,
41,Reading,,Session,,"“Realizing Cessation,” Small Boat pp. 44-53.",,,,,,,,,,,,,,
41,Read by,,,,,TSud,,,,,,,,,,,,,
41,,,16:17,20:15,Did Ajahn Sumedho have a period when he was more influenced by Zen teachings?,AP,Ajahn Sumedho,Zen,,,Dhamma books,Master Hsu Yun,,,,,,,
41,Reference,,,,_Ch'an and Zen Teachings_ by Charles Luk (commercial).,,,,,,,,,,,,,,
41,Reference,,,,[Word of the Buddha]().,,,,,,,,,,,,,,
41,Reference,,,,[Four Noble Truths]().,,,,,,,,,,,,,,
41,Story,,20:43,24:03,Master Hsu Yun is beaten twice by Chinese soldiers and holds on to life for their sake.,AJoti;AP,Master Hsu Yun,Abuse/violence,,,Kamma,Arahant,Compassion,,,,,,
42,Reading,,Session,,"“[Awareness: Nameless and Stopped](https://ajahnsucitto.org/reflections/awareness-nameless-and-stopped/),” a blog post by Ajahn Sucitto.",ASucitto,,,,,,,,,,,,,
42,Read by,,,,,DS,,,,,,,,,,,,,
42,,,22:46,25:05,Does Abhayagiri have a Korwat Manual?,AP;AShj,Abhayagiri,Protocols,Wat Pah Nanachat,,Vinaya,Learning,,,,,,,
42,,,25:06,,Can you talk about the bowl washing?,AP;ANy,Abhayagiri,Almsbowl,Cleanliness,Protocols,Animal,,,,,,,,
42,,,27:24,,Ajahn Sucitto [in '[Awareness: Nameless and Stopped](https://ajahnsucitto.org/reflections/awareness-nameless-and-stopped/)'] described how dealing with the difficulties of jungle monastery life in Thailand developed the practice. How do you apply the same principles in well-supported monasteries?,,Thai Forest Tradition,Lay life,Culture/Natural environment,Poverty,Truth,,,,,,,,
42,Extra tags,,,,,,Gain and loss,,,,,,,,,,,,
42,Comment,,29:18,,The training is designed to attenuate the conception of name and form by radically attending to things like the body.,TKon,Volition,Appropriate attention,Aggregates,Right Mindfulness,,,,,,,,,
42,Extra tags,,,,,,Perception,,,,,,,,,,,,
42,,,30:05,32:43,Does name and form cease or not arise?,,Aggregates,Cessation,,,Language,Proliferation,,,,,,,
42,Sutta,,,,DN 11.85.10: Kevaṭṭasutta.,,,,,,,,,,,,,,
42,,,32:47,34:37,Is there a precise definition of the saṅkhāra of delusion?,,Volitional formations,Delusion,,,Suffering,Cessation of Suffering,,,,,,,
43,Reading,,0:00,,“Rebirth” by [Ajahn Paññāvaḍḍho](teacher:) in Uncommon Wisdom pp. 163-165.,APannavaddho,,,,,,,,,,,,,
43,Read by,,,,,BSteff,,,,,,,,,,,,,
43,Reading,,5:24,16:57,"""Death of Ajahn Paññavaḍḍho,"" Uncommon Wisdom pp. 120-124.",,Ajahn Paññāvaḍḍho,Death,,,,,,,,,,,
43,Read by,,,,,BSteff,,,,,,,,,,,,,
43,,,17:19,,Did you go to his cremation?,AP,Ajahn Paññāvaḍḍho,Funerals,Ajahn Pasanno,,Humility,,,,,,,,
44,Reading,,Session,,"“Relating to Hindrances,” Working with the Five Hindrances pp. 28-32.",,,,,,,,,,,,,,
44,Read by,,,,,AJoti,,,,,,,,,,,,,
44,,,14:31,,Where does the expression 'sad is mad' come from?,AJoti;TKon,Grief,Aversion,,,Depression,,,,,,,,
44,Indirect quote,,,,Depression is anger without enthusiasm.|Anonymous,TSud,Depression,Aversion,,,,,,,,,,,
44,,,15:35,17:30,Is sleepiness not dullness? Is there a separation?,AP;AJoti,Sloth and torpor,,,,Translation,Concentration,,,,,,,
45,Reading,,Session,,[Daughters and Sons]().,,,,,,,,,,,,,,
45,Read by,,,,,ANy,,,,,,,,,,,,,
45,,,26:45,31:41,Is it possible for a monastic to look after their parents while still practicing the vinaya?,AP;AJoti,Monastic life,Vinaya,,,Ajahn Viradhammo,Ajahn Chah,Ajahn Liem,Ajahn Dtun,Ajahn Jayasaro,,,,
45,Story,,,,Two burka-clad women stare at Ajahn Jayasaro in Kuwait.,,Ajahn Jayasaro,Robes,Conventions,,,,,,,,,,
45,Discussion,,31:41,39:03,about how monastics and lay practitioners can navigate visiting their relatives who are not Buddhists.,AP,Monastic life,Family,Lay life,,Teaching Dhamma,Patience,Right Speech,Suffering,Ajahn Pasanno,,,,
45,Extra tags,,,,,,,,,,Killing,,,,,,,,
45,,,39:10,,How can I change my motivation around trying to get my Buddhist parents to adopt the correct Right View?,AP,Ajahn Kaccāna,Right View,Right Intention,,Compassion,Patience,,,,,,,
45,Recollection,,,,Ajahn Chah taught in a way that made you think that you figured it out yourself.,,Ajahn Chah,Teaching Dhamma,Self-reliance,,,,,,,,,,
45,Quote,0,,,{teachers} quotes the Dtao Te Ching regarding leadership.,ANy,Taoism,Leadership,Self-reliance,,,,,,,,,,
46,Reading,,Session,,"“The Gate of Relativity,” Kalyana pp. 71-84.",,,,,,,,,,,,,,
46,Read by,,,,,AJivako,,,,,,,,,,,,,
46,,2,20:04,,about neutral feeling and awareness.,AP;AShj,Feeling,Neutral feeling,Delusion,Mindfulness,Unwholesome Roots,,,,,,,,
46,Sutta,,,,MN 44.22: Discussion of the three kinds of feeling.,,,,,,,,,,,,,,
46,,,22:25,,In what ways is neutral feeling delusion?,AP;TKon;AJoti;AShj;AKc,Neutral feeling,Delusion,,,Proliferation,Self-identity view,,,,,,,
46,Reference,,,,_My Stoke of Insight_ by Jill Bolte Taylor (commercial).,,,,,,,,,,,,,,
46,,,24:46,,What does a delusion type of person look like?,AP;TJag;AKc,Delusion,,,,Doubt,Views,,,,,,,
46,Story,,,,An anagārika with endless questions.,AJoti,Postulants,Ajahn Amaro,Questions,,,,,,,,,,
46,Discussion,,28:46,,Discussion of what Americans think when Ajahn Sucitto gives the image of skittles [Kalyana p. 71].,AP,Similes,Culture/West,,,Recreation/leisure/sport,Food,,,,,,,
47,Reading,,Session,,"“Santuṭṭhi and the Meaning of Contentment,” Beginning Our Day V1 pp. 2-4.",AA,,,,,,,,,,,,,
47,Read by,,,,,AKsp,,,,,,,,,,,,,
47,,,9:08,13:13,What are your thoughts about developing wholesome qualities when there are so many things that mask them?,,Skillful qualities,Delusion,Equanimity,,Spiritual bypass,Sloth and torpor,Goodwill,Conflict,Discernment,,,,
47,Extra tags,,,,,,,,,,Suffering,,,,,,,,
47,Reference,,,,Working With the Five Hindrances p. 27.,,,,,,,,,,,,,,
47,Sutta,,,,AN 4.28: Noble Lineages.,,Requisites,Contentment,Judgementalism,,,,,,,,,,
47,Discussion,,13:13,16:18,of contentment as necessary for concentration and interest in the breath.,,Concentration,Mindfulness of breathing,,,Desire,Nature of mind,Happiness,,,,,,
47,Indirect quote,,,,The beautiful breath|Ajahn Brahmavaṃso,,Ajahn Brahmavaṃso,Mindfulness of breathing,Beauty,,,,,,,,,,
48,Reading,,Session,,"“Prayer and Devotion,” _Unexpected Freedom_ by Ajahn Munindo pp. 124-135.",AMunindo,Prayer,Devotional practice,,,,,,,,,Yes,,
48,Read by,,,,,AKc,,,,,,,,,,,,,
48,,,23:48,26:25,How does your relic puja work for you?,,Ajahn Pasanno,Relics,Pūjā,Prayer,Respect,Chanting,,,,,,Devotional practice,120
48,Extra tags,,,,,,Devotional practice,,,,,,,,,,,,
48,Alternate audio,,,30:23,"2016-03-18 Kaccana Reading Prayer and Devotion by Ajahn Munindo.mp3|https://www.abhayagiri.org/media/discs/winter-retreat-2016/DVD/Audio/MP3/2016-03-18%20Kaccana%20Reading%20Prayer%20and%20Devotion%20by%20Ajahn%20Munindo.mp3
",,,,,,,,,,,,,,
48,Reference,,,,"""Great Chant of Universal Blessings,"" Bhikkhu Manual p. 135.",,,,,,,,,,,,,,
48,Discussion,,26:25,30:19,of beneficial effects of prayer even without an external entity to which it is directed.,,Prayer,Health,God,,Culture/Sri Lanka,,,,,,,,
48,Alternate audio,,,30:23,"2016-03-18 Kaccana Reading Prayer and Devotion by Ajahn Munindo.mp3|https://www.abhayagiri.org/media/discs/winter-retreat-2016/DVD/Audio/MP3/2016-03-18%20Kaccana%20Reading%20Prayer%20and%20Devotion%20by%20Ajahn%20Munindo.mp3
",,,,,,,,,,,,,,
48,Reference,,,,"“Prayer and Devotion,” _Unexpected Freedom_ by Ajahn Munindo pp. 124-135.",,,,,,,,,,,,Yes,,
48,Story,,,,A threatening storm disappears the same night Rev. Heng Sure leads chanting for the Mississippi pilgrims.,AJoti,Prayer,Ajahn Jotipālo,Tudong,Rev. Heng Sure,Mantra,,,,,,,,
49,Reading,,Session,,"“The Treasure House,” excerpts from [Chapter 10](Rude Awakenings p. 171) in [Rude Awakenings]().",,,,,,,,,,,,,,
49,Read by,,,,,APes,,,,,,,,,,,,,
49,Comment,,25:47,,Ajahn Sucitto is able to capture the chaos that is India.,,Culture/India,Tudong,Impermanence,,,,,,,,,,
49,Reference,,,,[Rude Awakenings]() [Chapter 10](Rude Awakenings p. 171).,,,,,,,,,,,,,,
49,Story,,26:21,,Ajahn Pasanno describes his time in India with Ajahn Jayasaro.,,Ajahn Pasanno,Ajahn Jayasaro,Tudong,Visiting holy sites,Impermanence,Almsround,,,,,,,
49,Story,,,,A month to be away from Wat Pah Nanachat.,,Ajahn Pasanno,Wat Pah Nanachat,Abbot,Ajahn Puriso,,,,,,,,,
49,Story,,,,Ajahn Pasanno stays in Bodh Gaya to do pūjās.,,Ajahn Pasanno,Visiting holy sites,Pūjā,Ajahn Jayasaro,Determination,,,,,,,,
49,,,31:59,,Did you find any particular holy sites especially affecting?,,Ajahn Pasanno,Visiting holy sites,,,Tranquility,,,,,,,Visiting holy sites,120
49,Reference,,,,SN 56.11: Dhammacakkappavattana Sutta ([Chanting Book translation](Chanting Book V2 p. 2)),,,,,,,,,,,,,,
49,,,33:20,35:15,Is it still safe to go on pilgrimage on foot in India?,,Culture/India,Tudong,Crime,,Lodging,,,,,,,,
49,,o,35:14,36:10,Did you get sick [during your pilgrimage in India]?,,Ajahn Pasanno,Culture/India,Tudong,Sickness,Food,Almsround,,,,,,,
49,,o,36:09,,How did you find Ajahn Jayasaro again [in India]?,,Ajahn Pasanno,Ajahn Jayasaro,Visiting holy sites,,Tudong,Lodging,Ajahn Koon (Chiang Rai),Ajahn Chai,Ajahn Chah,,,,
49,Extra tags,,,,,,,,,,Culture/India,,,,,,,,
49,Story,,41:05,42:19,Ajahn Ñāṇiko stays in an Indian hotel.,,Ajahn Ñāṇiko,Culture/India,Lodging,,Animal,,,,,,,,
50,Reading,,Session,,"“[Basic Premises](https://www.dhammatalks.org/books/WithEachAndEveryBreath/Section0003.html#sigil_toc_id_8),” [Every Breath]().",,,,,,,,,,,,,,
50,Read by,,,,,AShj,,,,,,,,,,,,,
50,,,21:18,25:25,Could you comment on the issue of feeling that there need to be certain conditions in place for me to practice?,,Meditation,Conditionality,,,Ajahn Chah,Mindfulness,Discernment,Continuity of mindfulness,,,,,
50,Indirect quote,,,,You can go off to the forest and be happy on your own or you can stay here and I can teach you how to be happy all the time.|Ajahn Chah to Ajahn BahnKow,,Ajahn Chah,Ajahn BahnKow,Happiness,Seclusion,Everyday life,,,,,,,,
50,Question,2,25:28,,"about the differences between expansive knowing, concentration, and divided knowing or awareness; difference between viññāṇa and paññā.",,Ajahn Ṭhānissaro,Mindfulness of breathing,Mindfulness of body,Consciousness,Energy,Unification,Continuity of mindfulness,,,,,,
50,Extra tags,,,,,,Concentration,Spaciousness,,,,,,,,,,,
50,,,29:17,35:25,Is divided consciousness the same as divided awareness?,AP;TKon;AShj,Consciousness,,,,Pāli,Proliferation,Concentration,Sense bases,Ignorance,,,,
50,Story,,,,A man born blind gains sight.,AJoti,Sense bases,Contact,Consciousness,,,,,,,,,,
50,Indirect quote,,,,Viññana is to be understood and pañña is to be developed.|MN 43.6,AShj,Consciousness,Discernment,Kamma,,,,,,,,,,
51,Reading,,Session,,"“The First Noble Truth,” [pp. 14-28](Four Noble Truths p. 8) in [Four Noble Truths]().",,,,,,,,,,,,,,
51,Read by,,,,,AKha,,,,,,,,,,,,,
51,,,32:34,,"What does ""sabbe saṅkhārā dukkhā"" mean in relation to the first Noble Truth?",AP,Suffering,Volitional formations,,,Self-pity,,,,,,,Noble Truth of Suffering,140
51,Indirect quote,,,,Sumedho loves to suffer.|Ajahn Chah,Anon,Ajahn Chah,Ajahn Sumedho,Suffering,,,,,,,,,,
51,Response,-,,,,AP,Fierce/direct teaching,Compassion,,,,,,,,,,,
52,Reading group,,Session,,,TGam,,,,,,,,,,,,,
52,Reading,,,,"“[Recollection of Hell](https://www.dhammatalks.org/books/Meditations6/Section0040.html),” [Meditations V6]().",,,,,,,,,,,,,,
52,Reading,,,,"“[Pissing on Palaces](https://www.dhammatalks.org/books/Meditations6/Section0047.html),” [Meditations V6]().",,,,,,,,,,,,,,
52,Note,,,,The recording begins in the middle of the first reading.,,,,,,,,,,,,,,
53,Reading group,,Session,,,TKon,,,,,,,,,,,,,
53,Reading,,,,"“Ancient Teachings on Non Abiding,” Small Boat pp. 18-29.",,,,,,,,,,,,,,
53,Reading,,,,“Is the Sound Annoying You?” Small Boat pp. 66-72.,,,,,,,,,,,,,,
53,Note,,,,The recording begins in the middle of the first reading.,,,,,,,,,,,,,,
53,,,24:49,27:27,Could you talk about how to integrate interaction and physical seclusion to develop citta viveka - mental seclusion?,,Seclusion,Community,,,Concentration,Continuity of mindfulness,Relinquishment,Happiness,Contact,,,Seclusion,120
53,Extra tags,,,,,,,,,,Proliferation,,,,,,,,
53,Quote,,,,Cittaviveka is essentially sāmadhi.,,Seclusion,Concentration,,,,,,,,,,,
53,,,27:28,30:17,What is the difference between upadhi viveka and citta viveka?,,Seclusion,Concentration,Discernment,,Relinquishment,Aggregates,Characteristics of existence,,,,,Seclusion,130
53,Quote,,,,Upadi viveka is more transportable. You can carry it with you.,,Seclusion,,,,,,,,,,,,
53,Sutta,,,,SN 22.22: The Burden ([Chanting Book translation](Chanting Book p. 74)).,,,,,,,,,,,,,,
53,,,30:19,,How is Dzochen similar to the Thai Forest Tradition?,,Ajahn Amaro,Vajrayāna,Thai Forest Tradition,Emptiness,,,,,,,,,
53,Story,0,,,"{teachers} describes the context of the _Small Boat, Great Mountain_ retreat.",,Ajahn Amaro,Spirit Rock,Tsoknyi Rinpoche,Vajrayāna,Theravāda,,,,,,,,
53,Reference,-,,,[Small Boat]().,,,,,,,,,,,,,,
53,,,33:29,,What is the value of assigning a monk to do chores rather than sitting practice?,,Ajahn Chah,Work,Meditation,Sutta,Concentration,,,,,,,,
53,Reference,,,,[Small Boat]().,,,,,,,,,,,,,,
53,Discussion,,35:53,,about keeping the continuity of practice within engagement and daily life.,,Everyday life,Continuity of mindfulness,,,Ajahn Chah,Ajahn Sumedho,Ajahn Kinaree,,,,,,
53,Story,,,,Ajahn Chah sews a robe obsessively.,,Ajahn Chah,Robes,Craving,Ajahn Kinaree,,,,,,,,,
53,Follow-up,,,,Were Ajahn Mahā Boowa's teachings less focused on daily life?,AP;APes,Ajahn Mun,Cleanliness,Continuity of mindfulness,Ajahn Mahā Boowa,Everyday life,Determination,Ardency,Personality,,,,,
53,Story,,,,Ajahn Mun teases Ajahn Mahā Boowa for being like an old boxer.,,Ajahn Mun,Ajahn Mahā Boowa,,,,,,,,,,,
53,Comment,a,,,"You can read the suttas, but you don't really get a feel for what the Buddha's teachings are until you study and practice the Vinaya.",,Sutta,Vinaya,Protocols,Communal harmony,Requisites,,,,,,,,
53,,,42:46,,"What is right effort? What is the right level, kind of effort so that mindfulness comes more easily?",,Right Effort,Continuity of mindfulness,Ardency,Long-term practice,Aids to Awakening,,,,,,,Right Effort,150
53,Quote,,,,"You look at the definition of Right Effort, and it's not about what you do, but it's about the quality of the mind.",,Right Effort,Skillful qualities,Unskillful qualities,,,,,,,,,,
53,,,46:00,,How important is contentment and joy in the object you pick up [in meditation].,,Right Effort,Contentment,Happiness,,Discernment,Meditation/Techniques,,,,,,,
53,,,47:53,50:53,What factor leads into Right Effort? How does inspiration relate to Right Effort?,AP;AKc;AShj,Right Effort,Faith,,,Factors of Awakening,Investigation of states,Energy,Hearing the true Dhamma,Disenchantment,,,,
53,Reference,,,,MN 95.16 Caṅkī Sutta.,,,,,,,,,,,,,,
53,Comment,2,,,about maintaining continuity of mindfulness of breathing.,AKc,Continuity of mindfulness,Mindfulness of breathing,Tranquility,,,,,,,,,,
53,Response,,,,,,Desire,Contentment,Happiness,,,,,,,,,,
54,Reading,,Session,,“The Second Noble Truth” [pp. 29-37](Four Noble Truths p. 19) in [Four Noble Truths]().,,,,,,,,,,,,,,
54,Read by,,,,,TJag,,,,,,,,,,,,,
54,Question,2,35:10,42:59,about views on whether the cause of suffering is desire or clinging to desire.,AP;AShj,Ajahn Sumedho,Craving,Clinging,,Ajahn Ṭhānissaro,Idealism,Suffering,Cessation of Suffering,,,,,
54,Reference,,,,"[Saluatation to the Triple Gem](Chanting Book p. 11): ""Rūpūpādānakkhandho...""",,,,,,,,,,,,,,
54,Follow-up,,,,Is the greater suffering the reaction to pain?,,Pain,Suffering,Feeling,Aversion,,,,,,,,,
54,Quote,,,,"All these different teachings and expressions of teachings....We don't have to make them mesh, but try to figure out what they are pointing to.",,Hearing the true Dhamma,Recollection/Dhamma,,,,,,,,,,,
55,Reading,,Session,,"“Sense the Sacred,” pp.127-137 in [Don't Take Your Life Personally]().",,,,,,,,,,,,,,
55,Read by,,,,,TSud,,,,,,,,,,,,,
55,Discussion,,26:42,,"about the translation, meaning, and interpretation of the ""[Reflection on the Off-Putting Qualities of the Requisites](Chanting Book p. 62)"" chant.",AP,Chanting,Requisites,Unattractiveness,Translation,Emptiness,Culture/West,Ajahn Buddhadāsa,Elements,Thai,,,,
55,Extra tags,,,,,,,,,,Self-identity view,,,,,,,,
55,,,32:28,38:50,Do others who have been to India share Ajahn Sumedho's feeling that everything belongs?,AP,Culture/India,Ajahn Sumedho,,,Devotional practice,Commentaries,Spiritual search,,,,,,
55,Comment,,,,A French director makes a 7-hour film trying to figure out what India is and then gives up.,Jeed,Culture/India,Media,,,,,,,,,,,
55,Comment,0,,,Other reflections about India by {teachers}.,APes;ANy,Culture/India,,,,,,,,,,,,
56,Reading,,Session,,"“Working with Perception,” by Ajahn Sucitto in _The Insight Journal_, Winter 2009, Barre Center for Buddhist Studies.",ASucitto,,,,,,,,,,,,,
56,Read by,,,,,DS,,,,,,,,,,,,,
56,,,23:47,25:46,What is a good question to pose to yourself to investigate perception?,AP;AShj,Perception,Questions,,,Ajahn Ṭhānissaro,,,,,,,,
56,Discussion,,25:48,32:54,about perception and name and form.,AP,Perception,Aggregates,,,Thai,Language,Memory,,,,,,
56,Reference,,,,"“Working with Perception,” by Ajahn Sucitto in _The Insight Journal_, Winter 2009, Barre Center for Buddhist Studies.",,,,,,,,,,,,,,
56,,,32:58,36:08,Is there a way to stabilize the perception of impermanence?,AP;AJoti,Perception,Impermanence,,,Cessation,Relinquishment,Suffering,,,,,,
56,Sutta,,,,SN 12.15: Kaccānagotta.,,,,,,,,,,,,,,
56,Discussion,,36:11,43:32,of sañña and paññā.,AP,Perception,Discernment,Pāli,Volitional formations,Abhidhamma,Consciousness,Recollection/Buddha,Unwholesome Roots,Aggregates,,,,
56,Extra tags,,,,,,,,,,Habits,,,,,,,,
56,Reference,,,,AN 10.60: Girimānanda.,,,,,,,,,,,,,,
57,Reading,,Session,,"“[Parting Words](http://www.abhayagiri.org/audio/parting-words),” a talk by Ajahn Vīradhammo at Abhayagiri Buddhist Monastery on July 1, 2011.",AVira,,,,,,,,,,,,,
57,Read by,,,,,BSteff,,,,,,,,,,,,,